state_group,X,Y,Z,Name,description
Washington/Oregon,-122.1891916,48.152151,0,"172nd St W, I-5 S",
Washington/Oregon,-122.1893783,48.1513395,0,"172nd St E, I-5 S",
Washington/Oregon,-122.1828695,47.9909912,0,"Marine View Dr, I-5 S",
Washington/Oregon,-122.1847957,47.9827248,0,"Everett Ave, I-5 N",
Washington/Oregon,-122.1852784,47.982557,0,"US-2 W, I-5 N",
Washington/Oregon,-122.1912658,47.9757458,0,"Pacific Ave, I-5 S",
Washington/Oregon,-122.1984718,47.9658323,0,"41st St, I-5 N",
Washington/Oregon,-122.1999191,47.9632728,0,"41st St, I-5 S",
Washington/Oregon,-122.2004379,47.9595664,0,"Broadway, I-5 S",
Washington/Oregon,-122.2059787,47.9187456,0,"Bothell Everett Hwy, I-5 N",
Washington/Oregon,-122.2067788,47.9175335,0,"Everett Mall Way, I-5 N",
Washington/Oregon,-122.2369058,47.879951,0,"128th St, I-5 S",
Washington/Oregon,-122.256006,47.8519059,0,"164th St W, I-5 N",
Washington/Oregon,-122.2566337,47.8511217,0,"164th St E, I-5 N",
Washington/Oregon,-122.2582708,47.8488623,0,"164th St W, I-5 S",
Washington/Oregon,-122.2585794,47.8482139,0,"164th St E, I-5 S",
Washington/Oregon,-122.2658697,47.8293421,0,"I-405, I-5 S",
Washington/Oregon,-122.2763959,47.8218517,0,"196th St W, I-5 N",
Washington/Oregon,-122.2793352,47.8202374,0,"196th St E, I-5 N",
Washington/Oregon,-122.2868205,47.8173712,0,"196th St, I-5 S",
Washington/Oregon,-122.2934731,47.8140014,0,"44th Ave S, I-5 S",
Washington/Oregon,-122.3129539,47.8015743,0,"220th St, I-5 N",
Washington/Oregon,-122.3157472,47.7974587,0,"220th St, I-5 S",
Washington/Oregon,-122.3159209,47.7845786,0,"205th St, I-5 N",
Washington/Oregon,-122.3182782,47.7783191,0,"205th St W, I-5 S",
Washington/Oregon,-122.318809,47.7762058,0,"205th St E, I-5 S",
Washington/Oregon,-122.3278946,47.7575355,0,"175th St, I-5 N",
Washington/Oregon,-122.3305746,47.7541988,0,"175th St, I-5 S",
Washington/Oregon,-122.3297527,47.746766,0,"King County Metro North Base, I-5 S",
Washington/Oregon,-122.3256746,47.7363033,0,"5th Ave, I-5 N",
Washington/Oregon,-122.3248546,47.7213121,0,"130th St, I-5 S",
Washington/Oregon,-122.3291896,47.7100521,0,"Northgate Way W, I-5 N",
Washington/Oregon,-122.3293426,47.7100779,0,"Northgate Way E, I-5 N",
Washington/Oregon,-122.3304544,47.7097529,0,"Northgate Way W, I-5 S",
Washington/Oregon,-122.3309476,47.706553,0,"Northgate Way E, I-5 S",
Washington/Oregon,-122.3285356,47.6902379,0,"Banner Way, I-5 N",
Washington/Oregon,-122.3285995,47.6884045,0,"Banner Way, I-5 S",
Washington/Oregon,-122.320588,47.6813469,0,"70th St, I-5 N",
Washington/Oregon,-122.3214501,47.6671327,0,"50th St, I-5 N",
Washington/Oregon,-122.3226887,47.6627532,0,"50th St, I-5 S",
Washington/Oregon,-122.3215617,47.6634333,0,"45th St, I-5 N",
Washington/Oregon,-122.322876,47.6592482,0,"45th St, I-5 S",
Washington/Oregon,-122.3237602,47.6352639,0,"Newton St, I-5 S
",
Washington/Oregon,-122.3295953,47.625748,0,"Mercer St, I-5 N",
Washington/Oregon,-122.3313384,47.6249417,0,"Mercer St, I-5 S",
Washington/Oregon,-122.3280736,47.6187644,0,"Olive Way, I-5 N",
Washington/Oregon,-122.3312497,47.6100465,0,"University St, I-5 N",
Washington/Oregon,-122.3184091,47.5732411,0,"Columbian Way W, I-5 N",
Washington/Oregon,-122.3209119,47.5682956,0,"Columbian Way W, I-5 S",
Washington/Oregon,-122.3150661,47.5508396,0,"Corson Ave, I-5 N",
Washington/Oregon,-122.3104828,47.5472833,0,"Corson Ave, I-5 S",
Washington/Oregon,-122.3111569,47.548449,0,"Swift Ave, I-5 N",
Washington/Oregon,-122.2788007,47.5071321,0,"Boeing Access Rd E, I-5 N",
Washington/Oregon,-122.2795685,47.5061079,0,"Martin Luther King Jr Way, I-5 N",
Washington/Oregon,-122.2726843,47.4978166,0,"Martin Luther King Jr Way, I-5 S",
Washington/Oregon,-122.2690333,47.4844677,0,"Interurban Ave N, I-5 N",
Washington/Oregon,-122.266574,47.4666462,0,"Southcenter Blvd W, I-5 N",
Washington/Oregon,-122.2645595,47.4558857,0,"WA-518 E, I-5 S",
Washington/Oregon,-122.2700011,47.4324904,0,"188th St, I-5 N",
Washington/Oregon,-122.273177,47.4312261,0,"188th St, I-5 S",
Washington/Oregon,-122.2867466,47.4213247,0,"Military Rd, I-5 S",
Washington/Oregon,-122.2900992,47.3937055,0,"Kent Des Moines Rd W, I-5 N",
Washington/Oregon,-122.2893888,47.3894546,0,"Kent Des Moines Rd E, I-5 N",
Washington/Oregon,-122.291271,47.390567,0,"Kent Des Moines Rd, I-5 S",
Washington/Oregon,-122.2951901,47.3589113,0,"272nd St, I-5 N",
Washington/Oregon,-122.2972279,47.3570993,0,"272nd St, I-5 S",
Washington/Oregon,-122.2957954,47.3177518,0,"320th St W, I-5 N",
Washington/Oregon,-122.2966606,47.3160154,0,"320th St E, I-5 N",
Washington/Oregon,-122.2992335,47.3122375,0,"320th St, I-5 S",
Washington/Oregon,-122.3048989,47.2922903,0,"WA-18 W, I-5 N",
Washington/Oregon,-122.3050919,47.292407,0,"WA-18 E, I-5 N",
Washington/Oregon,-122.3085887,47.2874884,0,"WA-18 E, I-5 S",
Washington/Oregon,-122.3535518,47.2405841,0,"54th Ave, I-5 N",
Washington/Oregon,-122.3572711,47.2411372,0,"54th Ave N, I-5 S",
Washington/Oregon,-122.3594768,47.2411591,0,"54th Ave S, I-5 S",
Washington/Oregon,-122.3825159,47.2406303,0,"Port of Tacoma Rd, I-5 N",'
Washington/Oregon,-122.3894603,47.2417811,0,"Port of Tacoma Rd, I-5 S",
Washington/Oregon,-122.4042603,47.2392403,0,"Bay St, I-5 N",
Washington/Oregon,-122.4055537,47.2397357,0,"Bay St, I-5 S",
Washington/Oregon,-122.4125142,47.2393424,0,"Portland Ave, I-5 S",
Washington/Oregon,-122.463974,47.221065,0,"38th St, I-5 S",
Washington/Oregon,-122.4612325,47.2085317,0,"56th St W, I-5 N",
Washington/Oregon,-122.4615403,47.2084658,0,"56th St E, I-5 N",
Washington/Oregon,-122.5032818,47.1470951,0,"Bridgeport Way, I-5 N",
Washington/Oregon,-122.5054757,47.1475012,0,"Bridgeport Way, I-5 S",
Washington/Oregon,-122.5239578,47.1373068,0,"Gravelly Lake Dr, I-5 N",
Washington/Oregon,-122.526876,47.1366262,0,"Gravelly Lake Dr, I-5 S",
Washington/Oregon,-122.5403014,47.1279538,0,"Murray Rd, I-5 N",
Washington/Oregon,-122.5553978,47.118859,0,"Berkeley Ave, I-5 N",
Washington/Oregon,-122.5597779,47.1172581,0,"Berkeley Ave, I-5 S",
Washington/Oregon,-122.585174,47.1047496,0,"41st Division Dr N, I-5 N",
Washington/Oregon,-122.5852476,47.1048395,0,"41st Division Dr S, I-5 N",
Washington/Oregon,-122.5919189,47.1034736,0,"41st Division Dr N, I-5 S",
Washington/Oregon,-122.5919939,47.1035778,0,"41st Division Dr S, I-5 S",
Washington/Oregon,-122.6422948,47.0863409,0,"Center Dr, I-5 N",
Washington/Oregon,-122.6473678,47.0881443,0,"Center Dr, I-5 S",
Washington/Oregon,-122.6681754,47.0826246,0,"Nisqually Rd, I-5 N",
Washington/Oregon,-122.6709735,47.0829452,0,"Nisqually Rd, I-5 S",
Washington/Oregon,-122.7163487,47.0672504,0,"Martin Way, I-5 N",
Washington/Oregon,-122.762038,47.0633718,0,"Marvin Rd, I-5 N",
Washington/Oregon,-122.7850932,47.0607832,0,"Marvin Rd, I-5 S",
Washington/Oregon,-122.8209272,47.0478229,0,"Martin Way, I-5 S",
Washington/Oregon,-122.8379754,47.0458166,0,"Sleater Kinney Rd, I-5 S",
Washington/Oregon,-122.8553213,47.040642,0,"Pacific Ave W, I-5 S",
Washington/Oregon,-122.8553709,47.0407343,0,"Pacific Ave E, I-5 S",
Washington/Oregon,-122.8939916,47.0302703,0,"14th Ave, I-5 S",
Washington/Oregon,-122.894178,47.0302914,0,"Henderson Blvd, I-5 S",
Washington/Oregon,-122.30897,47.5898774,0,"Rainier Ave S, I-90 E",
Washington/Oregon,-122.3027159,47.5898514,0,"Rainier Ave N, I-90 E",
Washington/Oregon,-122.2521602,47.5899867,0,"Mercer Way, I-90 W",
Washington/Oregon,-122.2391211,47.5909935,0,"76th Ave, I-90 W",
Washington/Oregon,-122.2335506,47.588491,0,"Island Crest Way, I-90 W",
Washington/Oregon,-122.2284753,47.5858116,0,"Island Crest Way, I-90 E",
Washington/Oregon,-122.2087394,47.5786594,0,"Mercer Way, I-90 W",
Washington/Oregon,-122.2057118,47.5775406,0,"Mercer Way, I-90 E",
Washington/Oregon,-122.1908115,47.5798597,0,"Bellevue Way, I-90 W",
Washington/Oregon,-122.1709505,47.581278,0,"Richards Rd, I-90 W",
Washington/Oregon,-122.170925,47.5813521,0,"32nd St, I-90 W",
Washington/Oregon,-122.1423591,47.5793941,0,"150th Ave N, I-90 W",
Washington/Oregon,-122.1347378,47.578223,0,"150th Ave, I-90 E",
Washington/Oregon,-122.1024132,47.567598,0,"Lakemont Blvd, I-90 W",
Washington/Oregon,-122.0618899,47.5494373,0,"17th Ave S, I-90 W",
Washington/Oregon,-122.0618617,47.5491003,0,"17th Ave N, I-90 W",
Washington/Oregon,-122.0374463,47.5419088,0,"Front St, I-90 W",
Washington/Oregon,-122.0263041,47.5323927,0,"Highlands Dr, I-90 W",
Washington/Oregon,-122.2481177,47.4645046,0,"Interurban Ave, I-405 S",'
Washington/Oregon,-122.2462884,47.463336,0,"Interurban Ave, I-405 N",
Washington/Oregon,-122.2204978,47.4680559,0,"Rainier Ave, I-405 S",
Washington/Oregon,-122.2057824,47.4697926,0,"WA-515, I-405 N",
Washington/Oregon,-122.1980873,47.4827413,0,"Bronson Way, I-405 S",
Washington/Oregon,-122.1947858,47.4852978,0,"Bronson Way, I-405 N",
Washington/Oregon,-122.1913121,47.4923294,0,"Sunset Blvd, I-405 N",
Washington/Oregon,-122.196347,47.5007403,0,"Southport Dr, I-405 S",
Washington/Oregon,-122.1967127,47.5034834,0,"Southport Dr, I-405 N",
Washington/Oregon,-122.1988051,47.5175425,0,"30th St, I-405 S",
Washington/Oregon,-122.1980201,47.5199261,0,"30th St, I-405 N",
Washington/Oregon,-122.1976288,47.5302935,0,"44th St, I-405 S",
Washington/Oregon,-122.1953926,47.5350477,0,"44th St, I-405 N",
Washington/Oregon,-122.1910301,47.5563062,0,"Lake Washington Blvd, I-405 S",
Washington/Oregon,-122.1882074,47.5583284,0,"Lake Washington Blvd, I-405 N",
Washington/Oregon,-122.1819709,47.5671312,0,"Coal Creek Pkwy, I-405 S",
Washington/Oregon,-122.1831974,47.6015482,0,"8th St, I-405 S",
Washington/Oregon,-122.1846992,47.6043667,0,"8th St, I-405 N",
Washington/Oregon,-122.189088,47.6117817,0,"4th St, I-405 S",
Washington/Oregon,-122.1882449,47.614267,0,"4th St, I-405 N",
Washington/Oregon,-122.1882444,47.626229,0,"8th St, I-405 N",
Washington/Oregon,-122.3041193,47.6441567,0,"Montlake Pl, WA-520 E",In tunnel
Washington/Oregon,-122.230387,47.636216,0,"84th Ave, WA-520 W",
Washington/Oregon,-122.2159224,47.6406052,0,"92nd Ave, WA-520 E",
Washington/Oregon,-122.2037299,47.64297,0,"Lake Washington Blvd, WA-520 W",
Washington/Oregon,-122.1978972,47.6412597,0,"108th Ave, WA-520 W",
Washington/Oregon,-122.1973345,47.6400068,0,"108th Ave, WA-520 E",
Washington/Oregon,-122.1761748,47.6315398,0,"124th Ave, WA-520 W",
Washington/Oregon,-122.1444065,47.6342062,0,"148th Ave S, WA-520 W",
Washington/Oregon,-122.1432553,47.6346453,0,"148th Ave N, WA-520 W",
Washington/Oregon,-122.1403842,47.6356457,0,"148th Ave, WA-520 E",
Washington/Oregon,-122.134754,47.6441489,0,"40th St, WA-520 W",
Washington/Oregon,-122.1354433,47.6480888,0,"40th St, WA-520 E",
Washington/Oregon,-122.1382004,47.6527886,0,"51st St, WA-520 W",
Washington/Oregon,-122.136887,47.6566595,0,"51st St, WA-520 E",
Washington/Oregon,-122.1291013,47.6674258,0,"Lake Sammamish Pkwy, WA-520 W",
Washington/Oregon,-122.1090599,47.6688917,0,"Redmond Way E, WA-520 W",
Washington/Oregon,-122.1086616,47.6689784,0,"Redmond Way W, WA-520 W",
Washington/Oregon,-122.18743,47.6657916,0,"70th St, I-405 S",
Washington/Oregon,-122.1864915,47.6697434,0,"70th St, I-405 N",
Washington/Oregon,-122.1860425,47.6777125,0,"85th St, I-405 S",
Washington/Oregon,-122.1836685,47.6810715,0,"85th St, I-405 N",
Washington/Oregon,-122.1802154,47.7004316,0,"116th St, I-405 S",
Washington/Oregon,-122.1838905,47.7100403,0,"124th St E, I-405 S",
Washington/Oregon,-122.1828981,47.709786,0,"124th St W, I-405 S",
Washington/Oregon,-122.1823646,47.710601,0,"124th St E, I-405 N",
Washington/Oregon,-122.1820426,47.710508,0,"124th St W, I-405 N",
Washington/Oregon,-122.1819829,47.7105373,0,"Totem Lake Blvd, I-405 N",
Washington/Oregon,-122.1878068,47.7200928,0,"132nd St, I-405 N",
Washington/Oregon,-122.1877714,47.7386673,0,"Juanita Woodinville Way, I-405 S",
Washington/Oregon,-122.1866221,47.7468037,0,"Juanita Woodinville Way, I-405 N",
Washington/Oregon,-122.1863154,47.7478378,0,"Juanita Woodinville Way, WA-522",
Washington/Oregon,-122.1863762,47.7570478,0,"WA-522 E, I-405 S",
Washington/Oregon,-122.1835298,47.757658,0,"WA-522 E, I-405 N",
Washington/Oregon,-122.1895881,47.7674621,0,"Beardslee Blvd, I-405 S",
Washington/Oregon,-122.1892774,47.7701199,0,"Beardslee Blvd, I-405 N",
Washington/Oregon,-122.2130123,47.7936414,0,"Bothell Everett Hwy N, I-405 S",
Washington/Oregon,-122.2126103,47.7937199,0,"Bothell Everett Hwy S, I-405 S",
Washington/Oregon,-122.2154829,47.7957844,0,"Bothell Everett Hwy N, I-405 N",
Washington/Oregon,-122.2156677,47.7961086,0,"Bothell Everett Hwy S, I-405 N",
Washington/Oregon,-122.2177205,47.4418649,0,"41st St, WA-167 S",
Washington/Oregon,-122.2164707,47.443679,0,"180th St, WA-167 N",
Washington/Oregon,-122.2202316,47.411541,0,"212th St, WA-167 N",
Washington/Oregon,-122.2208512,47.4097218,0,"212th St, WA-167 S",
Washington/Oregon,-122.2263526,47.3993578,0,"84th Ave, WA-167 N",
Washington/Oregon,-122.2287999,47.3984938,0,"84th Ave, WA-167 S",
Washington/Oregon,-122.2441543,47.3796781,0,"Willis St, WA-167 N",
Washington/Oregon,-122.2447101,47.3763876,0,"Willis St, WA-167 S",
Washington/Oregon,-122.2443381,47.3553821,0,"277th St, WA-167 N",
Washington/Oregon,-122.2451306,47.3522482,0,"277th St, WA-167 S",
Washington/Oregon,-122.2444962,47.3238453,0,"15th St, WA-167 N",
Washington/Oregon,-122.2454946,47.3208697,0,"15th St, WA-167 S",
Washington/Oregon,-122.2904344,47.2947794,0,"Weyerhaeuser Way, WA-18 E",
Washington/Oregon,-122.2580239,47.2942161,0,"15th St W, WA-167 S",
Washington/Oregon,-122.2582318,47.2942325,0,"15th St E, WA-167 S",
Washington/Oregon,-122.2582157,47.2752238,0,"Ellingson Rd, WA-167 N",
Washington/Oregon,-122.2601448,47.2714617,0,"Ellingson Rd, WA-167 S",
Washington/Oregon,-122.2577847,47.2527708,0,"Stewart Rd, WA-167 N",
Washington/Oregon,-122.2574746,47.2486227,0,"Stewart Rd, WA-167 S",
Washington/Oregon,-122.2528926,47.2388392,0,"24th St, WA-167 N",
Washington/Oregon,-122.4818076,47.1623428,0,"Tacoma Way, I-5 S",
Washington/Oregon,-122.4662989,47.1602887,0,"Steele St, WA-512 W",
Washington/Oregon,-122.464944,47.1590416,0,"Steele St, WA-512 E",
Washington/Oregon,-122.4377914,47.1584739,0,"WA-7 S, WA-512 W",
Washington/Oregon,-122.431916,47.1585,0,"WA-7 N, WA-512 W",
Washington/Oregon,-122.4323659,47.1578648,0,"WA-7, WA-512 E",
Washington/Oregon,-122.6710604,45.6245306,0,"Washington St, I-5 S",
Washington/Oregon,-122.6662519,45.630322,0,"Mill Plain Blvd, I-5 S",
Washington/Oregon,-122.6623153,45.6393502,0,"4th Plain Blvd, I-5 S",
Washington/Oregon,-122.6621748,45.6464495,0,"WA-500, I-5 S",
Washington/Oregon,-122.6647582,45.6568507,0,"Main St, I-5 S",
Washington/Oregon,-122.6649672,45.6767278,0,"78th St, I-5 S",
Washington/Oregon,-122.5589599,45.6261112,0,"Mill Plain Blvd, I-205 N",
Washington/Oregon,-122.5733261,45.6601081,0,"WA-500, I-205 N",
Washington/Oregon,-117.5035309,47.6191508,0,"Grove Rd S, I-90 E",
Washington/Oregon,-117.4999702,47.6211065,0,"Grove Rd N, I-90 E",
Washington/Oregon,-117.4323768,47.6518735,0,"Walnut St, I-90 E",
Washington/Oregon,-117.4284431,47.6524466,0,"Monroe St, I-90 E",
Washington/Oregon,-117.4153939,47.6529169,0,"Browne St, I-90 W",
Washington/Oregon,-117.4107794,47.6524178,0,"Browne St, I-90 E",
Washington/Oregon,-122.4478899,45.5398027,0,"Fairview Pkwy, I-84 W",
Washington/Oregon,-122.547663,45.5721263,0,"Airport Way E, I-205 N",
Washington/Oregon,-122.5475584,45.5720935,0,"Airport Way W, I-205 N",
Washington/Oregon,-122.5490465,45.5721571,0,"Airport Way W, I-205 S",
Washington/Oregon,-122.5523445,45.5696589,0,"Airport Way E, I-205 S",
Washington/Oregon,-122.5606164,45.5622051,0,"Lombard St, I-205 N",
Washington/Oregon,-122.5660188,45.5594807,0,"Lombard St, I-205 S",
Washington/Oregon,-122.564765,45.5293991,0,"Glisan St, I-205 N",
Washington/Oregon,-122.5657754,45.5228822,0,"Glisan St, I-205 S",
Washington/Oregon,-122.5658819,45.5166472,0,"Washington St, I-205 S",
Washington/Oregon,-122.5648738,45.5064552,0,"Division St, I-205 N",
Washington/Oregon,-122.5657634,45.5010749,0,"Division St, I-205 S",
Washington/Oregon,-122.5649532,45.5004812,0,"Powell Blvd, I-205 N",
Washington/Oregon,-122.5658447,45.4952493,0,"Powell Blvd, I-205 S",
Washington/Oregon,-122.5654329,45.4806414,0,Point 241,
Washington/Oregon,-122.5661648,45.4763058,0,Point 242,
Washington/Oregon,-122.571408,45.4548208,0,Point 243,
Washington/Oregon,-122.5736079,45.4549735,0,Point 244,
Washington/Oregon,-122.5665126,45.4361983,0,Point 245,
Washington/Oregon,-122.5652296,45.4319691,0,Point 246,
Washington/Oregon,-122.566222,45.431272,0,Point 247,
Washington/Oregon,-122.5671355,45.4277407,0,Point 248,
Washington/Oregon,-122.5731927,45.4191713,0,Point 249,
Washington/Oregon,-122.5760497,45.4205784,0,Point 250,
Washington/Oregon,-122.5762609,45.4205413,0,Point 251,
Washington/Oregon,-122.5714824,45.4092258,0,Point 252,
Washington/Oregon,-122.5720561,45.4044607,0,Point 253,
Washington/Oregon,-122.578757,45.3843197,0,Point 254,
Washington/Oregon,-122.5800958,45.3830506,0,Point 255,
Washington/Oregon,-122.5858745,45.3753078,0,Point 256,
Washington/Oregon,-122.5891808,45.3740064,0,Point 257,
Washington/Oregon,-122.5983252,45.365766,0,Point 258,
Washington/Oregon,-122.5994328,45.3664422,0,Point 259,
Washington/Oregon,-122.6105794,45.3617081,0,Point 260,
Washington/Oregon,-122.6124979,45.3619765,0,Point 261,
Washington/Oregon,-122.6467247,45.3476998,0,Point 262,
Washington/Oregon,-122.6542547,45.3484214,0,Point 263,
Washington/Oregon,-122.7028299,45.3687151,0,Point 264,
Washington/Oregon,-122.7081065,45.371322,0,Point 265,
Washington/Oregon,-122.7698055,45.2998415,0,Point 266,
Washington/Oregon,-122.7688578,45.3050421,0,Point 267,
Washington/Oregon,-122.7703898,45.3352381,0,Point 268,
Washington/Oregon,-122.7698466,45.3371266,0,Point 269,
Washington/Oregon,-122.7686995,45.3348736,0,Point 270,
Washington/Oregon,-122.7687713,45.3375887,0,Point 271,
Washington/Oregon,-122.7535252,45.3814507,0,Point 272,
Washington/Oregon,-122.7522221,45.3820517,0,Point 273,
Washington/Oregon,-122.751482,45.3839138,0,Point 274,
Washington/Oregon,-122.7482873,45.3946088,0,Point 275,
Washington/Oregon,-122.7460167,45.3980631,0,Point 276,
Washington/Oregon,-122.7445553,45.4065743,0,Point 277,
Washington/Oregon,-122.7435798,45.4100081,0,Point 278,
Washington/Oregon,-122.7456759,45.4208778,0,Point 279,
Washington/Oregon,-122.7426026,45.4223775,0,Point 280,
Washington/Oregon,-122.7445381,45.4327532,0,Point 281,
Washington/Oregon,-122.7429639,45.4341382,0,Point 282,
Washington/Oregon,-122.7423263,45.4415156,0,Point 283,
Washington/Oregon,-122.7398542,45.4431717,0,Point 284,
Washington/Oregon,-122.7197628,45.4532034,0,Point 285,
Washington/Oregon,-122.6997448,45.4620086,0,Point 286,
Washington/Oregon,-122.6949795,45.4653798,0,Point 287,
Washington/Oregon,-122.6855338,45.4699473,0,Point 288,
Washington/Oregon,-122.6854508,45.4697678,0,Point 289,
Washington/Oregon,-122.6737825,45.4948876,0,Point 290,
Washington/Oregon,-122.672812,45.5001383,0,Point 291,
Washington/Oregon,-122.675225,45.5053725,0,Point 292,
Washington/Oregon,-122.6661858,45.5189132,0,Point 293,
Washington/Oregon,-122.6659195,45.5195372,0,Point 294,
Washington/Oregon,-122.6652839,45.5204917,0,Point 295,
Washington/Oregon,-122.6658501,45.5326056,0,Point 296,
Washington/Oregon,-122.6680834,45.5369618,0,Point 297,
Washington/Oregon,-122.6760891,45.5443127,0,Point 298,
Washington/Oregon,-122.6789538,45.5551921,0,Point 299,
Washington/Oregon,-122.6774322,45.5548726,0,Point 300,
Washington/Oregon,-122.6789127,45.5574228,0,Point 301,
Washington/Oregon,-122.678284,45.5617211,0,Point 302,
Washington/Oregon,-122.6790516,45.5687215,0,Point 303,
Washington/Oregon,-122.6782231,45.5713954,0,Point 304,
Washington/Oregon,-122.6789611,45.5763282,0,Point 305,
Washington/Oregon,-122.6795839,45.5781498,0,Point 306,
Washington/Oregon,-122.6794466,45.5838794,0,Point 307,
Washington/Oregon,-122.683536,45.5930118,0,Point 308,
Washington/Oregon,-122.6837599,45.5960991,0,Point 309,
Washington/Oregon,-122.6852054,45.5958548,0,Point 310,
Washington/Oregon,-122.6835271,45.6029534,0,Point 311,
Washington/Oregon,-122.6810796,45.6040652,0,Point 312,
Washington/Oregon,-122.6797287,45.6113458,0,Point 313,
Washington/Oregon,-122.6787438,45.6114645,0,Point 314,
Washington/Oregon,-122.5815519,45.534525,0,Point 315,
Washington/Oregon,-122.5998095,45.5299056,0,Point 316,
Washington/Oregon,-122.6068366,45.5275372,0,Point 317,
Washington/Oregon,-122.6214778,45.5325735,0,Point 318,
Washington/Oregon,-122.6272549,45.5343173,0,Point 319,
Washington/Oregon,-122.6318535,45.5337085,0,Point 320,
Washington/Oregon,-122.6481427,45.5294089,0,Point 321,
Washington/Oregon,-122.6594019,45.5259512,0,Point 322,
Washington/Oregon,-122.7500154,45.4247886,0,Point 323,
Washington/Oregon,-122.7509545,45.4263321,0,Point 324,
Washington/Oregon,-122.7604625,45.4333541,0,Point 325,
Washington/Oregon,-122.7605838,45.4342387,0,Point 326,
Washington/Oregon,-122.7641373,45.437104,0,Point 327,
Washington/Oregon,-122.7756259,45.4425953,0,Point 328,
Washington/Oregon,-122.7788395,45.4445935,0,Point 329,
Washington/Oregon,-122.7843319,45.4495987,0,Point 330,
Washington/Oregon,-122.7842598,45.4565156,0,Point 331,
Washington/Oregon,-122.785289,45.4591409,0,Point 332,
Washington/Oregon,-122.7863616,45.4675802,0,Point 333,
Washington/Oregon,-122.7857173,45.4709996,0,Point 334,
Washington/Oregon,-122.790398,45.4780333,0,Point 335,
Washington/Oregon,-122.7933247,45.4842638,0,Point 336,
Washington/Oregon,-122.7916086,45.4926464,0,Point 337,
Washington/Oregon,-122.7913862,45.4972851,0,Point 338,
Washington/Oregon,-122.7894633,45.4997524,0,Point 339,
Washington/Oregon,-122.7821427,45.504922,0,Point 340,
Washington/Oregon,-122.6824524,45.5062128,0,Point 341,
Washington/Oregon,-122.684347,45.5074748,0,Point 342,
Washington/Oregon,-122.6899114,45.512631,0,Point 343,
Washington/Oregon,-122.6887497,45.5162355,0,Point 344,
Washington/Oregon,-122.6870358,45.5239946,0,Point 345,
Washington/Oregon,-122.6864914,45.524797,0,Point 346,
Washington/Oregon,-122.6865649,45.5273173,0,Point 347,
Washington/Oregon,-122.6745204,45.5448149,0,Point 348,
Washington/Oregon,-122.6897257,45.515293,0,Point 349,
Washington/Oregon,-122.6994621,45.5165188,0,Point 350,
Washington/Oregon,-122.7174245,45.5065474,0,Point 351,
Washington/Oregon,-122.7344499,45.5084368,0,Point 352,
Washington/Oregon,-122.7368605,45.5090672,0,Point 353,
Washington/Oregon,-122.7417319,45.5081393,0,Point 354,
Washington/Oregon,-122.7763248,45.5070109,0,Point 355,
Washington/Oregon,-122.7762122,45.5071293,0,Point 356,
Washington/Oregon,-122.7804706,45.509874,0,Point 357,
Washington/Oregon,-122.7902059,45.5123713,0,Point 358,
Washington/Oregon,-122.7992739,45.5162928,0,Point 359,
Washington/Oregon,-122.8126067,45.5207563,0,Point 360,
Washington/Oregon,-122.8176033,45.5233328,0,Point 361,
Washington/Oregon,-122.8357911,45.5295503,0,Point 362,
Washington/Oregon,-122.844892,45.5336567,0,Point 363,
Washington/Oregon,-122.8631129,45.539858,0,Point 364,
Washington/Oregon,-122.8683055,45.5417925,0,Point 365,
Washington/Oregon,-122.8696633,45.5430207,0,Point 366,
Washington/Oregon,-122.8974915,45.5528229,0,Point 367,
Washington/Oregon,-122.9030272,45.5547959,0,Point 368,
Washington/Oregon,-122.9224043,45.5622645,0,Point 369,
Washington/Oregon,-122.9647877,45.5781291,0,Point 370,
Washington/Oregon,-123.12485,44.0972125,0,"River Rd, OR-569 E",
Washington/Oregon,-123.1113627,44.0966214,0,"River Ave, OR-569 E",
Washington/Oregon,-123.1014796,44.0933202,0,"Green Acres Rd, OR-569 W",
Washington/Oregon,-123.0977688,44.091515,0,"Delta Hwy, OR-569W",
Washington/Oregon,-123.0703951,44.0879688,0,"Coburg Rd, OR-569 W",
California,-121.8096873,39.7277604,0,"20th St, CA-99 N",
California,-121.8017461,39.7167723,0,"Skyway W, CA-99 N",
California,-121.7995013,39.7140451,0,"Skyway E, CA-99 N",
California,-121.5411182,38.7511159,0,"Riego Rd W, CA-99 S",
California,-121.5407604,38.7485238,0,"Riego Rd E, CA-99 S",
California,-121.5400251,38.7181656,0,"Elverta Rd W, CA-99 N",
California,-121.5400576,38.7136734,0,"Elverta Rd E, CA-99 N",
California,-121.5407154,38.7149812,0,"Elverta Rd W, CA-99 S",
California,-121.5409453,38.7113847,0,"Elverta Rd E, CA-99 S

",
California,-121.5406089,38.6863899,0,"Elkhorn Blvd W, CA-99 S",
California,-121.539759,38.674002,0,"I-5 S, CA-99 N",
California,-121.7258466,38.6734636,0,"County Rd 102, I-5 S",
California,-121.6374633,38.6726337,0,"County Rd 118, I-5 S",
California,-121.5933335,38.6715424,0,"Airport Blvd S, I-5 N",
California,-121.5923508,38.6707545,0,"Airport Blvd S, I-5 S",
California,-121.5706068,38.6715668,0,"Metro Air Pkwy, I-5 N",
California,-121.5681373,38.6708791,0,"Metro Air Pkwy, I-5 S",
California,-121.5438575,38.6701789,0,"CA-99 S, I-5 N",
California,-121.5342387,38.6567829,0,"Del Paso Rd W, I-5 S",
California,-121.5328129,38.6543934,0,"Del Paso Rd E, I-5 S",
California,-121.5335341,38.6573568,0,"Del Paso Rd W, I-5 N",
California,-121.5321543,38.654927,0,"Del Paso Rd E, I-5 N",
California,-121.5264144,38.6444459,0,"Arena Blvd W, I-5 N",
California,-121.5273142,38.6441651,0,"Arena Blvd W, I-5 S",
California,-121.5249819,38.6420567,0,"Arena Blvd E, I-5 N",
California,-121.5259778,38.6417395,0,"Arena Blvd E, I-5 S",
California,-121.5135345,38.6155514,0,"El Camino Ave W, I-5 S",
California,-121.5126471,38.6140882,0,"El Camino Ave E, I-5 S",
California,-121.5083094,38.6081895,0,"Garden Hwy, I-5 N",
California,-121.5086912,38.6067983,0,"Garden Hwy, I-5 S",
California,-121.5036629,38.5983368,0,"Richards Blvd, I-5 N",
California,-121.504472,38.5957041,0,"Richards Blvd, I-5 S",
California,-121.5026575,38.586021,0,"I St, I-5 N",
California,-121.503255,38.5822507,0,"L St, I-5 N",
California,-121.5072378,38.5773571,0,"P St, I-5 N",
California,-121.5086617,38.5762229,0,"P St, I-5 S",
California,-121.5096655,38.5417471,0,"Sutterville Rd, I-5 N",
California,-121.5122107,38.5397804,0,"Sutterville Rd, I-5 S",
California,-121.5202039,38.5267728,0,"Seamas Ave, I-5 N",
California,-121.5220049,38.5247321,0,"Seamas Ave, I-5 S",
California,-121.521528,38.5176502,0,"43rd Ave, I-5 N",
California,-121.5170022,38.4988446,0,"Florin Rd W, I-5 N",
California,-121.5154508,38.4945567,0,"Florin Rd E, I-5 N",
California,-121.5175461,38.4964799,0,"Florin Rd W, I-5 S",
California,-121.5164856,38.493893,0,"Florin Rd E, I-5 S",
California,-121.5108978,38.4827425,0,"Pocket Rd W, I-5 N",
California,-121.5093261,38.4803396,0,"Pocket Rd E, I-5 N",
California,-121.5118111,38.4821394,0,"Pocket Rd W, I-5 S",
California,-121.5104212,38.4801668,0,"Pocket Rd E, I-5 S",
California,-121.4972974,38.4683356,0,"Cosumnes River Blvd W, I-5 N",
California,-121.4963299,38.4657955,0,"Cosumnes River Blvd E, I-5 N",
California,-121.497869,38.4673486,0,"Cosumnes River Blvd W, I-5 S",
California,-121.4969438,38.4646967,0,"Cosumnes River Blvd, I-5 S",
California,-121.4874047,38.4282332,0,"Laguna Blvd, I-5 N",
California,-121.484213,38.4127934,0,"Elk Grove Blvd, I-5 N",
California,-121.3733226,38.6480239,0,"Auburn Blvd, I-80B S",
California,-121.3813318,38.6411582,0,"Watt Ave N, I-80B N",
California,-121.3844607,38.638296,0,"Watt Ave S, I-80B N",
California,-121.3840062,38.6395051,0,"Watt Ave, I-80B S",
California,-121.38868,38.635634,0,"Auburn Blvd, I-80B S (#2)",
California,-121.399737,38.6310329,0,"Fulton Ave, I-80B N",
California,-121.4030503,38.6303881,0,"Fulton Ave, I-80B S",
California,-121.424244,38.6130409,0,"El Camino Ave W, I-80B N",
California,-121.4266846,38.6107405,0,"El Camino Ave E, I-80B N",
California,-121.4267499,38.6117019,0,"El Camino Ave W, I-80B S",
California,-121.4283324,38.6101823,0,"El Camino Ave E, I-80B S",
California,-121.4328537,38.6049571,0,"Arden Way, I-80B N",
California,-121.443449,38.5978152,0,"Exposition Blvd W, I-80B S",
California,-121.4441992,38.5966125,0,"Exposition Blvd E, I-80B S",Point #67 lol
California,-121.4641224,38.5794692,0,"E St, I-80B N",
California,-121.4660095,38.5751241,0,"J St, I-80B N",
California,-121.4671784,38.5743005,0,"H St, I-80B S",
California,-121.4688721,38.5685049,0,"P St, I-80B N",
California,-121.4701268,38.5674828,0,"N St, I-80B S",
California,-121.4730258,38.5608008,0,"T St, I-80B S",
California,-121.4743987,38.5527424,0,"Broadway, CA-99 S",
California,-121.4735125,38.542394,0,"12th Ave, CA-99 N",
California,-121.4741776,38.5386301,0,"12th Ave, CA-99 S",
California,-121.4681248,38.5265318,0,"Fruitridge Rd W, CA-99 N",
California,-121.4665934,38.5237304,0,"Fruitridge Rd E, CA-99 N",
California,-121.4677527,38.523714,0,"Fruitridge Rd, CA-99 S",
California,-121.466526,38.5200014,0,"Martin Luther King Jr. Blvd, CA-99 S",
California,-121.4603666,38.5120101,0,"47th Ave W, CA-99 N",
California,-121.4588883,38.509311,0,"47th Ave E, CA-99 N",
California,-121.4617168,38.5114054,0,"47th Ave W, CA-99 S",
California,-121.4600423,38.5089473,0,"47th Ave E, CA-99 S",
California,-121.4462933,38.4973099,0,"Florin Rd W, CA-99 N",
California,-121.4444215,38.4950508,0,"Florin Rd E, CA-99 N",
California,-121.4478394,38.4971575,0,"Florin Rd W, CA-99 S",
California,-121.4455132,38.4949023,0,"Florin Rd E, CA-99 S",
California,-121.4244016,38.4760972,0,"Mack Rd W, CA-99 N",
California,-121.4215608,38.473403,0,"Mack Rd E, CA-99 N",
California,-121.4217131,38.472721,0,"Mack Rd, CA-99 S",
California,-121.416232,38.46735,0,"Stockton Blvd, CA-99 S",
California,-121.410035,38.4572219,0,"Calvine Rd W, CA-99 N",
California,-121.4095226,38.4555954,0,"Calvine Rd E, CA-99 N",
California,-121.4114944,38.4579096,0,"Calvine Rd W, CA-99 S",
California,-121.4105136,38.4558577,0,"Calvine Rd E, CA-99 S",
California,-121.4020156,38.4395868,0,"Sheldon Rd W, CA-99 N",
California,-121.4009499,38.4368266,0,"Sheldon Rd E, CA-99 N",
California,-121.4008545,38.4347315,0,"Sheldon Rd, CA-99 S",
California,-121.3960951,38.4258846,0,"Laguna Blvd W, CA-99 N",
California,-121.3947902,38.4229985,0,"Laguna Blvd E, CA-99 N",
California,-121.3961293,38.4246165,0,"Laguna Blvd W, CA-99 S",
California,-121.3947632,38.4215846,0,"Laguna Blvd E, CA-99 S",
California,-121.3889072,38.4104477,0,"Elk Grove Blvd, CA-99 N",
California,-121.387072,38.4074001,0,"Stockton Blvd, CA-99 N",
California,-121.3633523,38.3782756,0,"Grant Line Rd W, CA-99 N",
California,-121.3611688,38.3759001,0,"Grant Line Rd E, CA-99 N",
California,-121.3628455,38.3768086,0,"Grant Line Rd W, CA-99 S",
California,-121.3610535,38.3745715,0,"Grant Line Rd E, CA-99 S",
California,-121.3485358,38.3631124,0,"Eschinger Rd, CA-99 S",
California,-121.5500496,38.5753728,0,"Harbor Blvd S, US-50 W",
California,-121.5477094,38.575369,0,"Harbor Blvd N, US-50 W",
California,-121.5468696,38.5745907,0,"Harbor Blvd, US-50 E",
California,-121.4946807,38.5643684,0,"15th St, US-50 W",
California,-121.4944677,38.5635659,0,"Riverside Blvd, US-50 E",
California,-121.4899637,38.5624192,0,"16th St, US-50 E",
California,-121.4757978,38.5586901,0,"27th St, US-50 E",
California,-121.4628256,38.561177,0,"Stockton Blvd, US-50 W",
California,-121.4613963,38.5606388,0,"Stockton Blvd, US-50 E",
California,-121.4392775,38.5547221,0,"59th St, US-50 W",
California,-121.4301581,38.5513953,0,"65th St S, US-50 W",
California,-121.4268662,38.5509179,0,"65th St N, US-50 W",
California,-121.4289398,38.5502177,0,"65th St S, US-50 E",
California,-121.4254271,38.5501652,0,"65th St N, US-50 E",
California,-121.4145908,38.5529128,0,"Hornet Dr, US-50 W",
California,-121.410705,38.5538535,0,"Howe Ave S, US-50 W",
California,-121.4076288,38.5545289,0,"Howe Ave N, US-50 W",
California,-121.4104076,38.5530891,0,"Howe Ave S, US-50 E",
California,-121.4069091,38.553798,0,"Howe Ave N, US-50 E",
California,-121.3826894,38.558745,0,"Watt Ave S, US-50 W",
California,-121.3788136,38.5591588,0,"Watt Ave N, US-50 W",
California,-121.3800145,38.5583478,0,"Watt Ave S, US-50 E",
California,-121.3770972,38.5586047,0,"Watt Ave N, US-50 E",
California,-121.3381845,38.5654055,0,"Bradshaw Rd S, US-50 W",
California,-121.3354424,38.5667623,0,"Bradshaw Rd N, US-50 W",
California,-121.3373478,38.5649327,0,"Bradshaw Rd S, US-50 E",
California,-121.334835,38.5663061,0,"Bradshaw Rd N, US-50 E",
California,-121.3103026,38.5777468,0,"Mather Field Rd S, US-50 W",
California,-121.307485,38.5793651,0,"Mather Field Rd N, US-50 W",
California,-121.3085446,38.5777425,0,"Mather Field Rd S, US-50 E",
California,-121.3062518,38.5791183,0,"Mather Field Rd N, US-50 E",
California,-121.2882785,38.5909291,0,"Zinfandel Dr S, US-50 W
",
California,-121.2865174,38.5919359,0,"Zinfandel Dr N, US-50 W",
California,-121.2882982,38.5900322,0,"Zinfandel Dr S, US-50 E",
California,-121.2862463,38.5912643,0,"Zinfandel Dr N, US-50 E",
California,-121.2717425,38.6092249,0,"Sunrise Blvd S, US-50 W",
California,-121.2714464,38.6089302,0,"Sunrise Blvd N, US-50 W",
California,-121.2710496,38.6085345,0,"Sunrise Blvd S, US-50 E",
California,-121.26882,38.6092646,0,"Sunrise Blvd N, US-50 E",
California,-121.219704,38.6297712,0,"Hazel Ave S, US-50 W",
California,-121.2163255,38.6316377,0,"Hazel Ave N, US-50 W",
California,-121.217673,38.6299282,0,"Hazel Ave S, US-50 E",
California,-121.2159883,38.6310889,0,"Hazel Ave N, US-50 E",
California,-121.1999517,38.6398293,0,"Folsom Blvd, US-50 W",
California,-121.1987165,38.6394208,0,"Folsom Blvd, US-50 E",
California,-121.1607347,38.6424771,0,"Prairie City Rd S, US-50 W",
California,-121.1503984,38.6415181,0,"Prairie City Rd S, US-50 E",
California,-121.1175655,38.6434598,0,"Bidwell St S, US-50 W",
California,-121.1136587,38.643774,0,"Bidwell St N, US-50 W",
California,-121.1161708,38.6426482,0,"Bidwell St S, US-50 E",
California,-121.1116814,38.6431032,0,"Bidwell St N, US-50 E",
California,-121.0734685,38.6523885,0,"Latrobe Rd, US-50 W",'
California,-121.0568579,38.6578994,0,"Silva Valley Pkwy, US-50 W",
California,-121.0552129,38.6575164,0,"Silva Valley Pkwy, US-50 E",
California,-121.0326848,38.6555679,0,"Bass Lake Rd, US-50 W",
California,-121.0269729,38.6550757,0,"Bass Lake Rd, US-50 E",
California,-120.9397313,38.6623375,0,"Shingle Rd S, US-50 W",
California,-120.936898,38.6632451,0,"Shingle Rd N, US-50 W",
California,-120.9383581,38.6619975,0,"Shingle Rd, US-50 E",
California,-120.9052224,38.6900316,0,"Koto Rd, US-50 W",
California,-120.9014761,38.6914612,0,"Koto Rd, US-50 E",
California,-120.8380816,38.7123536,0,"Missouri Flat Rd, US-50 E",
California,-120.8248065,38.7269687,0,"Forni Rd, US-50 E",
California,-121.309256,38.8722199,0,"Ferrari Ranch Rd, CA-65 N",
California,-121.3085258,38.8705984,0,"Ferrari Ranch Rd W, CA-65 S",
California,-121.3068465,38.8687467,0,"Ferrari Ranch Rd E, CA-65 S",
California,-121.3007934,38.8617363,0,"Industrial Ave, CA-65 S",
California,-121.2995698,38.8339805,0,"Whitney Ranch Pkwy, CA-65 N",
California,-121.3003797,38.8322353,0,"Whitney Ranch Pkwy, CA-65 S",
California,-121.2997066,38.8196342,0,"Sunset Blvd W, CA-65 N",
California,-121.2997739,38.8166596,0,"Sunset Blvd E, CA-65 N",
California,-121.3005466,38.817912,0,"Sunset Blvd W, CA-65 S",
California,-121.3008234,38.8158186,0,"Sunset Blvd E, CA-65 S",
California,-121.2964237,38.7949752,0,"Blue Oaks Blvd, CA-65 N",
California,-121.2990156,38.7976477,0,"Blue Oaks Blvd W, CA-65 S",
California,-121.2962143,38.7937382,0,"Blue Oaks Blvd E, CA-65 S",
California,-121.2850114,38.7866765,0,"Pleasant Grove Blvd W, CA-65 S",
California,-121.281804,38.7850234,0,"Pleasant Grove Blvd E, CA-65 S",
California,-121.2676996,38.7791788,0,"Galleria Blvd, CA-65 N",
California,-121.2637625,38.7755925,0,"Galleria Blvd, CA-65 S",
California,-121.2565024,38.7655135,0,"Taylor Rd, I-80 W",
California,-121.2600939,38.7596901,0,"Atlantic St W, I-80 E",
California,-121.2617627,38.7570775,0,"Atlantic St E, I-80 E",
California,-121.2639314,38.7564264,0,"Atlantic St, I-80 W",
California,-121.2688858,38.7461397,0,"Douglas Blvd, I-80 E",
California,-121.2689656,38.7461334,0,"Sunrise Ave, I-80 E",
California,-121.2709077,38.7448644,0,"Douglas Blvd W, I-80 W",
California,-121.272084,38.7425872,0,"Douglas Blvd E, I-80 W",
California,-121.2890205,38.7245346,0,"Riverside Ave, I-80 E",
California,-121.2893198,38.7262645,0,"Riverside Ave N, I-80 W",
California,-121.291226,38.7247022,0,"Riverside Ave S, I-80 W",
California,-121.3094223,38.7067807,0,"Antelope Rd, I-80 E",
California,-121.3097328,38.7078717,0,"Antelope Rd W, I-80 W",
California,-121.3118388,38.7059779,0,"Antelope Rd E, I-80 W",
California,-121.3345196,38.684054,0,"Elkhorn Blvd W, I-80 E",
California,-121.3366644,38.6819693,0,"Elkhorn Blvd E, I-80 E",
California,-121.3361885,38.6837277,0,"Elkhorn Blvd W, I-80 W",
California,-121.3382895,38.6817947,0,"Elkhorn Blvd E, I-80 W",
California,-121.3574449,38.6629524,0,"Madison Ave W, I-80 E",
California,-121.3600395,38.6605238,0,"Madison Ave E, I-80 E",
California,-121.3598969,38.6618109,0,"Madison Ave W, I-80 W",
California,-121.3616314,38.6601611,0,"Madison Ave E, I-80 W",
California,-121.3720418,38.648902,0,"CA-244, I-80 E",
California,-121.3818907,38.6459333,0,"CA-244, I-80 W",'
California,-121.3821147,38.6460276,0,"Watt Ave N, I-80 W",
California,-121.3843292,38.6458127,0,"Watt Ave S, I-80 W",
California,-121.3968812,38.6408777,0,"Longview Dr, I-80 E",
California,-121.4010255,38.6400217,0,"Longview Dr, I-80 W",
California,-121.4096992,38.6370532,0,"Winters St, I-80 E",
California,-121.4132625,38.6376907,0,"Winters St, I-80 W",
California,-121.426702,38.6418359,0,"Raley Blvd N, I-80 E",
California,-121.4300366,38.6426406,0,"Raley Blvd S, I-80 E",
California,-121.4283234,38.6429969,0,"Raley Blvd N, I-80 W
",
California,-121.4316157,38.6434672,0,"Raley Blvd S, I-80 W",
California,-121.4537139,38.6410081,0,"Norwood Ave, I-80 E",
California,-121.4589895,38.6417502,0,"Norwood Ave, I-80 W",
California,-121.4761182,38.6405669,0,"Northgate Blvd N, I-80 E",
California,-121.4789174,38.6401784,0,"Northgate Blvd S, I-80 E",
California,-121.4766262,38.6411716,0,"Northgate Blvd N, I-80 W",
California,-121.4800859,38.6406869,0,"Northgate Blvd S, I-80 W",
California,-121.4979805,38.6347014,0,"Truxel Rd N, I-80 E",
California,-121.5011649,38.6329636,0,"Truxel Rd S, I-80 E",
California,-121.4997579,38.6346114,0,"Truxel Rd N, I-80 W",
California,-121.5029055,38.632887,0,"Truxel Rd S, I-80 W",
California,-121.5332111,38.6161898,0,"El Camino Ave W, I-80 E",
California,-121.5357379,38.6145606,0,"El Camino Ave E, I-80 E",
California,-121.5352768,38.6157275,0,"El Camino Ave W, I-80 W
",
California,-121.5376528,38.6138186,0,"El Camino Ave E, I-80 W",
California,-121.5520738,38.5912977,0,"Reed Ave, I-80 E",
California,-121.5543375,38.5901791,0,"Reed Ave, I-80 W",
California,-121.5789285,38.5736801,0,"Enterprise Blvd, I-80 E",
California,-121.6429595,38.561821,0,"Chiles Rd, I-80 E",
California,-121.2042049,38.8044314,0,"Sierra College Blvd N, I-80 W",
California,-121.2079918,38.8012429,0,"Sierra College Blvd S, I-80 W",
California,-121.6921301,38.5529077,0,"Mace Blvd N, I-80 E",
California,-121.6955944,38.5519415,0,"Mace Blvd S, I-80 E",
California,-121.9524025,38.373523,0,"Orange Dr, I-80 E",
California,-121.9543536,38.3719741,0,"I-505, I-80 E",
California,-121.9557942,38.3716972,0,"I-505, I-80 W",
California,-121.9636922,38.365527,0,"Monte Vista Ave, I-80 W",
California,-121.9673047,38.3631199,0,"Browns Valley Pkwy, I-80 W",
California,-121.9669605,38.362537,0,"Allison Dr N, I-80 E",
California,-121.9699496,38.3607187,0,"Allison Dr S, I-80 E",
California,-121.9801521,38.3528118,0,"Mason St, I-80 E",
California,-121.9812008,38.3529207,0,"Mason St, I-80 W",
California,-121.9880074,38.3496431,0,"Davis St, I-80 E",
California,-121.9886336,38.3499849,0,"Davis St, I-80 W",
California,-121.9959219,38.346559,0,"Alamo Dr, I-80 E",
California,-122.000091,38.3455743,0,"Alamo Dr, I-80 W",
California,-122.017244,38.3351302,0,"Rivera Rd, I-80 E",
California,-122.0185422,38.3342813,0,"Rivera Rd, I-80 W",
California,-122.0229511,38.3261932,0,"Lagoon Valley Rd, I-80 E",
California,-122.0248225,38.324535,0,"Lagoon Valley Rd, I-80 W",
California,-122.0335609,38.2963856,0,"Manuel Campos Pkwy, I-80 E",
California,-122.0344189,38.2971196,0,"Manuel Campos Pkwy, I-80 W
",
California,-122.0486036,38.2741151,0,"Air Base Pkwy, I-80 E",
California,-122.0522898,38.2708724,0,"Air Base Pkwy, I-80 W",
California,-122.0605653,38.2597341,0,"Travis Blvd, I-80 E",
California,-122.0626819,38.2585627,0,"Travis Blvd W, I-80 W",
California,-122.0634923,38.2576298,0,"Travis Blvd E, I-80 W",
California,-122.0663907,38.2531764,0,"Beck Ave, I-80 E",
California,-122.0716024,38.2487691,0,"Texas St, I-80 W",
California,-122.0745134,38.2470876,0,"Auto Mall Pkwy, I-80 E",
California,-122.0847434,38.2429278,0,"Chadbourne Rd, I-80 E",
California,-122.0887447,38.2418067,0,"Chadbourne Rd, I-80 W",
California,-122.0974084,38.2381638,0,"CA-12 W, I-80 W",
California,-122.126989,38.2233668,0,"Pittman Rd, I-80 E",
California,-122.1360369,38.2175774,0,"I-680 N, I-80 E",
California,-122.1475033,38.210673,0,"Lopes Rd, I-80 W",
California,-122.1470869,38.2098629,0,"CA-12 E, I-80 E",
California,-122.155803,38.2027925,0,"Red Top Rd, I-80 E",
California,-122.1594782,38.2004042,0,"Red Top Rd, I-80 W",
California,-122.1977834,38.1705224,0,"American Canyon Rd, I-80 E",
California,-122.2014059,38.1688582,0,"American Canyon Rd, I-80 W",
California,-122.2166173,38.1446069,0,"CA-37, I-80 E",
California,-122.2190652,38.140093,0,"Auto Mall Pkwy, I-80 E",
California,-122.2198027,38.1411811,0,"Auto Mall Pkwy, I-80 W",
California,-122.2213031,38.1386856,0,"CA-37, I-80 W",
California,-122.2287456,38.1249713,0,"Redwood St, I-80 E",
California,-122.2305798,38.1217319,0,"Redwood St, I-80 W",
California,-122.2282576,38.0527828,0,"Pomona St, I-80 W",
California,-122.2357021,38.0465284,0,"Cummings Skyway, I-80 E",
California,-122.2399547,38.0442329,0,"Cummings Skyway, I-80 W",
California,-122.2606892,38.0239414,0,"Willow Ave, I-80 E",
California,-122.2635685,38.0218053,0,"Willow Ave, I-80 W",
California,-122.2676075,38.0165104,0,"CA-4, I-80 E",
California,-122.271869,38.0129335,0,"CA-4, I-80 W",
California,-122.2837224,37.9992218,0,"Pinole Valley Rd, I-80 E",
California,-122.2878995,37.9963043,0,"Pinole Valley Rd, I-80 W",
California,-122.2997105,37.9934271,0,"Appian Way N, I-80 E",
California,-122.302566,37.9929726,0,"Appian Way S, I-80 E",
California,-122.3044405,37.993289,0,"Appian Way, I-80 W",
California,-122.3119903,37.9891319,0,"Fitzgerald Dr W, I-80 E",
California,-122.3143521,37.9863446,0,"Fitzgerald Dr E, I-80 E",
California,-122.3151412,37.9872123,0,"Fitzgerald Dr, I-80 W",
California,-122.3174074,37.9782621,0,"Hilltop Dr W, I-80 E",
California,-122.3184018,37.9755617,0,"Hilltop Dr E, I-80 E",
California,-122.3185383,37.9770185,0,"Hilltop Dr W, I-80 W",
California,-122.3193343,37.9745551,0,"Hilltop Dr E, I-80 W",
California,-122.320866,37.9681834,0,"El Portal Dr, I-80 E",
California,-122.3240948,37.9655621,0,"El Portal Dr, I-80 W",
California,-122.3304073,37.958053,0,"San Pablo Dam Rd, I-80 E",
California,-122.3295863,37.9548814,0,"Sam Pablo Dam Rd, I-80 W",
California,-122.3240719,37.9425158,0,"Solano Ave, I-80 W",
California,-122.3255059,37.9378304,0,"San Pablo Ave, I-80 E",
California,-122.3269737,37.9337805,0,"Barrett Ave, I-80 W",
California,-122.3211994,37.9266388,0,"Cutting Blvd W, I-80 E",
California,-122.3197617,37.9247802,0,"Cutting Blvd E, I-80 E",
California,-122.3177748,37.9187056,0,Point 319,
California,-122.3171422,37.9124094,0,Point 320,
California,-122.3165305,37.9087629,0,Point 321,
California,-122.3112204,37.9020056,0,Point 322,
California,-122.310589,37.9000418,0,Point 323,
California,-122.3073814,37.89119,0,Point 324,
California,-122.4798547,37.9429854,0,Point 325,
California,-122.3908415,37.930609,0,Point 326,
California,-122.3093269,37.8854248,0,Point 327,
California,-122.3073002,37.8796468,0,Point 328,
California,-122.3066974,37.8748721,0,Point 329,
California,-122.3038873,37.8681974,0,Point 330,
California,-122.3046487,37.8674228,0,Point 331,
California,-122.2989071,37.8501953,0,Point 332,
California,-122.2993923,37.8465875,0,Point 333,
California,-122.2963966,37.8391114,0,Point 334,
California,-122.2973073,37.8397044,0,Point 335,
California,-122.2082347,37.8647977,0,Point 336,
California,-122.2021587,37.8674883,0,Point 337,
California,-122.1958598,37.867674,0,Point 338,
California,-122.8279197,38.5663134,0,"Old Redwood Hwy, US-101 S",
California,-122.8074053,38.5453738,0,"Old Redwood Hwy, US-101 S",
California,-122.7903002,38.526439,0,"Shiloh Rd W, US-101 N",
California,-122.7888046,38.5248384,0,"Shiloh Rd E, US-101 N",
California,-122.7912958,38.5266928,0,"Shiloh Rd W, US-101 S",
California,-122.7900641,38.5252993,0,"Shiloh Rd E, US-101 S",
California,-122.7754797,38.5122233,0,"Airport Blvd, US-101 N",
California,-122.7767596,38.5118245,0,"Airport Blvd W, US-101 S",
California,-122.7745153,38.5099849,0,"Airport Blvd E, US-101 S",
California,-122.7570582,38.4970585,0,Point 348,
California,-122.7544235,38.4952932,0,Point 349,
California,-122.7582802,38.4971454,0,Point 350,
California,-122.7556115,38.4953852,0,Point 351,
California,-122.7345887,38.4803508,0,Point 352,
California,-122.7318294,38.4770056,0,Point 353,
California,-122.7319824,38.4758846,0,Point 354,
California,-122.7292331,38.4693027,0,Point 355,
California,-122.7259875,38.4613489,0,Point 356,
California,-122.726426,38.457737,0,Point 357,
California,-122.7246081,38.4472393,0,Point 358,
California,-122.7233742,38.4444461,0,Point 359,
California,-122.7205746,38.4413328,0,Point 360,
California,-122.7179292,38.43631,0,Point 361,
California,-122.7154971,38.432503,0,Point 362,
California,-122.7153563,38.4325351,0,Point 363,
California,-122.7159681,38.4317229,0,Point 364,
California,-122.7161031,38.4308011,0,Point 365,
California,-122.7151551,38.4215626,0,Point 366,
California,-122.7161028,38.419898,0,Point 367,
California,-122.7157778,38.4140871,0,Point 368,
California,-122.7164631,38.4132404,0,Point 369,
California,-122.7158711,38.3873247,0,Point 370,
California,-122.716536,38.3868584,0,Point 371,
California,-122.7124864,38.3626123,0,Point 372,
California,-122.7133519,38.3620035,0,Point 373,
California,-122.7127874,38.3512531,0,Point 374,
California,-122.7127705,38.3478424,0,Point 375,
California,-122.7134196,38.3489694,0,Point 376,
California,-122.7133765,38.3460378,0,Point 377,
California,-122.7123321,38.3330086,0,Point 378,
California,-122.713088,38.3291311,0,Point 379,
California,-122.7143327,38.3200503,0,Point 380,
California,-122.6863947,38.284322,0,Point 381,
California,-122.671263,38.2734333,0,Point 382,
California,-122.6689532,38.2723963,0,Point 383,
California,-122.6711117,38.2717406,0,Point 384,
California,-122.6689469,38.2709055,0,Point 385,
California,-122.6294865,38.2481215,0,Point 386,
California,-122.6270128,38.2468818,0,Point 387,
California,-122.6270531,38.2461883,0,Point 388,
California,-122.6183811,38.2354278,0,Point 389,
California,-122.6192221,38.2350981,0,Point 390,
California,-122.608449,38.2217989,0,Point 391,
California,-122.605694,38.2188634,0,Point 392,
California,-122.5764737,38.1643018,0,Point 393,
California,-122.5746089,38.1622542,0,Point 394,
California,-122.5649867,38.1192434,0,Point 395,
California,-122.5653166,38.1161949,0,Point 396,
California,-122.5624807,38.106633,0,Point 397,
California,-122.5622763,38.103941,0,Point 398,
California,-122.5602485,38.0941974,0,Point 399,
California,-122.5579365,38.0903963,0,Point 400,
California,-122.5478141,38.0819176,0,Point 401,
California,-122.5431939,38.0761616,0,Point 402,
California,-122.5375283,38.0673294,0,Point 403,
California,-122.5362725,38.0653669,0,Point 404,
California,-122.5267034,37.9875872,0,Point 405,
California,-122.52038,37.9747833,0,Point 406,
California,-122.5082123,37.9617398,0,Point 407,
California,-122.5136534,37.9463853,0,Point 408,
California,-122.5159443,37.9424355,0,Point 409,
California,-122.5147097,37.9273629,0,Point 410,
California,-122.5139755,37.9254925,0,Point 411,
California,-122.514608,37.9034795,0,Point 412,
California,-122.5148635,37.9018974,0,Point 413,
California,-122.5164934,37.8888758,0,Point 414,
California,-122.5142248,37.878703,0,Point 415,
California,-122.5075205,37.8737013,0,Point 416,
California,-122.5012083,37.860289,0,Point 417,
California,-122.4932404,37.8547354,0,Point 418,
California,-122.4718173,37.8044523,0,"Shoreline Hwy, US-101 N",
California,-122.4683501,37.8025005,0,"Shoreline Hwy, US-101 S",
California,-122.4523894,37.8036501,0,"Girard Rd, US-101 N",
California,-122.4723084,37.7026663,0,Point 422,
California,-122.4715512,37.6773994,0,Point 423,
California,-122.4702293,37.675541,0,Point 424,
California,-122.4664895,37.6716826,0,Point 425,
California,-122.4650772,37.6622926,0,Point 426,
California,-122.4658872,37.6621969,0,Point 427,
California,-122.4518319,37.6498132,0,Point 428,
California,-122.4484848,37.6450018,0,Point 429,
California,-122.4488381,37.6444137,0,Point 430,
California,-122.4413856,37.6384624,0,Point 431,
California,-122.4341801,37.6303042,0,Point 432,
California,-122.3949866,37.7063341,0,Point 433,
California,-122.3912163,37.6900757,0,Point 434,
California,-122.3882617,37.676763,0,Point 435,
California,-122.3977308,37.6652173,0,Point 436,
California,-122.3975251,37.6645438,0,Point 437,
California,-122.4026826,37.6617557,0,Point 438,
California,-122.4063643,37.6560245,0,Point 439,
California,-122.406055,37.646843,0,Point 440,
California,-122.4066916,37.6455922,0,Point 441,
California,-122.4041979,37.6379868,0,Point 442,
California,-122.4037255,37.6379465,0,Point 443,
California,-122.4036665,37.6380166,0,Point 444,
California,-122.4033962,37.6334077,0,Point 445,
California,-122.4035647,37.6365387,0,Point 446,
California,-122.403279,37.6295573,0,Point 447,
California,-122.397007,37.614747,0,Point 448,
California,-122.3965723,37.6129404,0,Point 449,
California,-122.3937471,37.6108183,0,Point 450,
California,-122.3906109,37.6096072,0,Point 451,
California,-122.3807457,37.6024356,0,Point 452,
California,-122.3800732,37.6013206,0,Point 453,
California,-122.3649283,37.5927787,0,Point 454,
California,-122.3599508,37.5889017,0,Point 455,
California,-122.3521947,37.5874918,0,Point 456,
California,-122.3329775,37.5868695,0,Point 457,
California,-122.3242454,37.5799445,0,Point 458,
California,-122.3152892,37.5723603,0,Point 459,
California,-122.3132483,37.5698065,0,Point 460,
California,-122.3137678,37.5696733,0,Point 461,
California,-122.3047869,37.5629394,0,Point 462,
California,-122.2962312,37.5545751,0,Point 463,
California,-122.2966306,37.5544321,0,Point 464,
California,-122.2958051,37.5523649,0,Point 465,
California,-122.2943226,37.550921,0,Point 466,
California,-122.2889144,37.546108,0,Point 467,
California,-122.2879106,37.5449281,0,Point 468,
California,-122.2878431,37.5440029,0,Point 469,
California,-122.2856034,37.5415786,0,Point 470,
California,-122.2712012,37.5278523,0,Point 471,
California,-122.2692137,37.5259724,0,Point 472,
California,-122.2654405,37.521728,0,Point 473,
California,-122.257138,37.5154459,0,Point 474,
California,-122.25725,37.5152696,0,Point 475,
California,-122.2497444,37.5079187,0,Point 476,
California,-122.2460173,37.5045254,0,Point 477,
California,-122.2334634,37.4968071,0,Point 478,
California,-122.2319855,37.4964099,0,Point 479,
California,-122.2343079,37.4962631,0,Point 480,
California,-122.2322989,37.4956821,0,Point 481,
California,-122.212526,37.4900357,0,Point 482,
California,-122.2113279,37.4888522,0,Point 483,
California,-122.2100119,37.4878921,0,Point 484,
California,-122.181343,37.4843406,0,Point 485,
California,-122.1796399,37.483324,0,Point 486,
California,-122.1819859,37.4834107,0,Point 487,
California,-122.1795389,37.482472,0,Point 488,
California,-122.1564336,37.4699482,0,Point 489,
California,-122.1547133,37.4688873,0,Point 490,
California,-122.1558481,37.4688888,0,Point 491,
California,-122.1535108,37.4675381,0,Point 492,
California,-122.1441941,37.4626637,0,Point 493,
California,-122.1383082,37.4586782,0,Point 494,
California,-122.1248267,37.4509185,0,Point 495,
California,-122.121471,37.4470371,0,Point 496,
California,-122.1216569,37.4468754,0,Point 497,
California,-122.1210475,37.446296,0,Point 498,
California,-122.102537,37.4297266,0,Point 499,
California,-122.0933238,37.4222835,0,Point 500,
California,-122.0916026,37.4199433,0,Point 501,
California,-122.0833149,37.4139315,0,Point 502,
California,-122.0830918,37.4147891,0,Point 503,
California,-122.0701981,37.4083581,0,Point 504,
California,-122.0725481,37.4100845,0,Point 505,
California,-122.0651501,37.4082789,0,Point 506,
California,-122.0654981,37.406652,0,Point 507,
California,-122.0543137,37.4052283,0,Point 508,
California,-122.0484779,37.4032043,0,Point 509,
California,-122.0342307,37.4000579,0,Point 510,
California,-122.0266907,37.3991345,0,Point 511,
California,-122.0287676,37.3988364,0,Point 512,
California,-122.0275412,37.3983105,0,Point 513,
California,-122.0131199,37.3963192,0,Point 514,
California,-122.0138403,37.3955443,0,Point 515,
California,-122.0114309,37.394823,0,Point 516,
California,-121.9969741,37.3918812,0,Point 517,
California,-121.9951738,37.3912973,0,Point 518,
California,-121.997033,37.3910259,0,Point 519,
California,-121.99508,37.3902866,0,Point 520,
California,-121.9793005,37.386745,0,Point 521,
California,-121.9758234,37.3857731,0,Point 522,
California,-121.9778109,37.38566,0,Point 523,
California,-121.9746567,37.3847871,0,Point 524,
California,-121.9649629,37.3830112,0,Point 525,
California,-121.9627238,37.3822495,0,Point 526,
California,-121.9650288,37.3818431,0,Point 527,
California,-121.9626326,37.3810393,0,Point 528,
California,-121.9428433,37.3774122,0,Point 529,
California,-121.9406104,37.3769779,0,Point 530,
California,-121.9428661,37.3765398,0,Point 531,
California,-121.9404442,37.3761923,0,Point 532,
California,-121.9310399,37.3747866,0,Point 533,
California,-121.9213535,37.3727465,0,Point 534,
California,-121.9163902,37.3719774,0,Point 535,
California,-121.9007094,37.3642391,0,Point 536,
California,-121.9031114,37.3641314,0,Point 537,
California,-121.8996173,37.3634245,0,Point 538,
California,-121.8935214,37.3634645,0,Point 539,
California,-121.8897125,37.3625703,0,Point 540,
California,-121.8675003,37.3557943,0,Point 541,
California,-121.8655134,37.3530033,0,Point 542,
California,-121.8621214,37.3510604,0,Point 543,
California,-121.8610818,37.3486626,0,Point 544,
California,-121.8539369,37.3421387,0,Point 545,
California,-121.8522607,37.3403188,0,Point 546,
California,-121.8476133,37.3346163,0,Point 547,
California,-121.848413,37.3345893,0,Point 548,
California,-121.832343,37.3198458,0,Point 549,
California,-121.8306974,37.3181591,0,Point 550,
California,-121.8321443,37.3185764,0,Point 551,
California,-121.8308125,37.3171128,0,Point 552,
California,-121.8178752,37.3048871,0,Point 553,
California,-121.815981,37.3028899,0,Point 554,
California,-121.8176407,37.3034673,0,Point 555,
California,-121.8164347,37.3022534,0,Point 556,
California,-121.8104417,37.2970074,0,Point 557,
California,-121.8101028,37.2918974,0,Point 558,
California,-121.8092337,37.2826699,0,Point 559,
California,-121.8075735,37.2811489,0,Point 560,
California,-121.79764,37.2589572,0,Point 561,
California,-121.7940069,37.2561232,0,Point 562,
California,-121.7977612,37.2580663,0,Point 563,
California,-121.7949436,37.2558637,0,Point 564,
California,-121.7752615,37.2459039,0,Point 565,
California,-121.7716901,37.2444668,0,Point 566,
California,-121.7691758,37.2412051,0,Point 567,
California,-121.7233574,37.2103875,0,Point 568,
California,-121.7221181,37.2084025,0,Point 569,
California,-121.6953973,37.1926822,0,Point 570,
California,-121.6907053,37.1885061,0,Point 571,
California,-121.6538276,37.1547969,0,Point 572,
California,-121.651534,37.1525623,0,Point 573,
California,-121.653418,37.1532957,0,Point 574,
California,-121.650436,37.1503154,0,Point 575,
California,-121.6340525,37.1334402,0,Point 576,
California,-121.6325244,37.1308793,0,Point 577,
California,-121.6333892,37.1300294,0,Point 578,
California,-121.6267585,37.1208942,0,Point 579,
California,-121.6254984,37.1187326,0,Point 580,
California,-121.6259297,37.1176625,0,Point 581,
California,-121.5995477,37.090176,0,Point 582,
California,-121.5991014,37.0872544,0,Point 583,
California,-121.5843501,37.0609595,0,Point 584,
California,-121.5843561,37.0575968,0,Point 585,
California,-121.5675416,37.0248376,0,Point 586,
California,-121.5657103,37.0218119,0,Point 587,
California,-121.5653507,37.019227,0,Point 588,
California,-121.5561806,37.003863,0,Point 589,
California,-121.5556529,37.0023569,0,Point 590,
California,-121.5571519,37.0035548,0,Point 591,
California,-121.5564679,37.0004989,0,Point 592,
California,-121.558181,36.9854373,0,Point 593,
California,-121.5591408,36.9851837,0,Point 594,
California,-122.3171233,37.8242165,0,"I-80 W, Bay Bridge",
California,-122.3041646,37.8053213,0,Point 596,
California,-122.2831619,37.8014307,0,Point 597,
California,-122.2739715,37.7978004,0,Point 598,
California,-122.2649005,37.7939595,0,Point 599,
California,-122.2375942,37.7795502,0,Point 600,
California,-122.2369046,37.7769705,0,Point 601,
California,-122.2222229,37.7710852,0,Point 602,
California,-122.2183237,37.7651713,0,Point 603,
California,-122.2084168,37.7550135,0,Point 604,
California,-122.2085435,37.7549366,0,Point 605,
California,-122.208479,37.7539512,0,Point 606,
California,-122.2086432,37.7534626,0,Point 607,
California,-122.1972563,37.7420933,0,Point 608,
California,-122.1961024,37.7408948,0,Point 609,
California,-122.1969729,37.7407471,0,Point 610,
California,-122.1950133,37.7384647,0,Point 611,
California,-122.1898784,37.7337047,0,Point 612,
California,-122.1879194,37.7314515,0,Point 613,
California,-122.1896592,37.7321825,0,Point 614,
California,-122.1882152,37.7307337,0,Point 615,
California,-122.1769417,37.7196912,0,Point 616,
California,-122.177002,37.7196445,0,Point 617,
California,-122.1776393,37.7195838,0,Point 618,
California,-122.1771118,37.7187601,0,Point 619,
California,-122.1677418,37.7116084,0,Point 620,
California,-122.1656055,37.7094196,0,Point 621,
California,-122.1387278,37.691612,0,Point 622,
California,-122.1369126,37.6896379,0,Point 623,
California,-122.1387113,37.6914888,0,Point 624,
California,-122.1312261,37.6857346,0,Point 625,
California,-122.1330729,37.6876113,0,Point 626,
California,-122.1277339,37.6831306,0,Point 627,
California,-122.1081395,37.6677968,0,Point 628,
California,-122.1070351,37.6647028,0,Point 629,
California,-122.1025981,37.6588124,0,Point 630,
California,-122.1009156,37.6549241,0,Point 631,
California,-122.1015714,37.6550425,0,Point 632,
California,-122.0944993,37.646699,0,Point 633,
California,-122.0940032,37.6459485,0,Point 634,
California,-122.0937982,37.6441984,0,Point 635,
California,-122.0928066,37.6426153,0,Point 636,
California,-122.0979527,37.6373451,0,Point 637,
California,-122.1019277,37.6358497,0,Point 638,
California,-122.1108284,37.6314428,0,Point 639,
California,-122.1118792,37.6319722,0,Point 640,
California,-122.1224611,37.6274125,0,Point 641,
California,-122.1194839,37.6291319,0,Point 642,
California,-122.1537683,37.6176393,0,"CA-92 W, San Mateo Bridge",
California,-122.3106498,37.5502057,0,Point 644,
California,-122.3122476,37.5493163,0,Point 645,
California,-122.3118284,37.5512192,0,Point 646,
California,-122.3137009,37.549824,0,Point 647,
California,-122.083815,37.6326693,0,Point 648,
California,-122.0849405,37.6328316,0,Point 649,
California,-122.0838001,37.63019,0,Point 650,
California,-122.0848559,37.6303758,0,Point 651,
California,-122.0747834,37.6186584,0,Point 652,
California,-122.0746056,37.6173806,0,Point 653,
California,-122.068286,37.6095565,0,Point 654,
California,-122.0665762,37.6053106,0,Point 655,
California,-122.0606883,37.599385,0,Point 656,
California,-122.0620679,37.5994687,0,Point 657,
California,-122.0604429,37.5972967,0,Point 658,
California,-122.0482645,37.5800894,0,Point 659,
California,-122.0491865,37.5802389,0,Point 660,
California,-122.0484891,37.5778313,0,Point 661,
California,-122.040042,37.5654194,0,Point 662,
California,-122.0376324,37.5632504,0,Point 663,
California,-122.0392194,37.5636999,0,Point 664,
California,-122.0371932,37.5617624,0,Point 665,
California,-122.0498323,37.5528898,0,Point 666,
California,-122.053924,37.5509493,0,Point 667,
California,-122.0662852,37.5408285,0,Point 668,
California,-122.0681944,37.5392305,0,Point 669,
California,-122.0667224,37.5414368,0,Point 670,
California,-122.0685665,37.5398566,0,Point 671,
California,-122.0762998,37.5350177,0,"CA-84 W, Dumbarton Bridge",
California,-122.0237549,37.5485554,0,Point 673,
California,-122.0218435,37.5464872,0,Point 674,
California,-122.023866,37.5469094,0,Point 675,
California,-122.0220759,37.5447833,0,Point 676,
California,-122.0043552,37.5313282,0,Point 677,
California,-122.0010829,37.5297275,0,Point 678,
California,-122.0033995,37.5299939,0,Point 679,
California,-122.001089,37.5286855,0,Point 680,
California,-121.9895027,37.5237641,0,Point 681,
California,-121.9865081,37.5223712,0,Point 682,
California,-121.9888082,37.5225855,0,Point 683,
California,-121.986032,37.5212617,0,Point 684,
California,-121.9686421,37.508781,0,Point 685,
California,-121.9663533,37.5069407,0,Point 686,
California,-121.9685419,37.5078129,0,Point 687,
California,-121.9661819,37.5059017,0,Point 688,
California,-121.9504493,37.494539,0,Point 689,
California,-121.9478154,37.4926462,0,Point 690,
California,-121.9493262,37.4927922,0,Point 691,
California,-121.9466836,37.4907849,0,Point 692,
California,-121.9367661,37.4839129,0,Point 693,
California,-121.9371241,37.4833398,0,Point 694,
California,-121.9388091,37.485671,0,Point 695,
California,-121.9343044,37.4787704,0,Point 696,
California,-121.9228298,37.4561084,0,Point 697,
California,-121.9229829,37.4560671,0,Point 698,
California,-121.9234874,37.4549022,0,Point 699,
California,-121.9229032,37.4517488,0,Point 700,
California,-121.9180266,37.4307174,0,"CA-237 E, I-880 N",
California,-121.9169675,37.4278346,0,Point 702,
California,-121.9158501,37.4251186,0,Point 703,
California,-121.9149228,37.419863,0,"CA-237, I-880 S",
California,-121.9124066,37.4147969,0,Point 705,
California,-121.9126136,37.4133314,0,Point 706,
California,-121.9093391,37.4044277,0,Point 707,
California,-121.9087629,37.3991652,0,Point 708,
California,-121.9088778,37.3991332,0,Point 709,
California,-121.9039398,37.3815789,0,Point 710,
California,-121.9043308,37.3802089,0,Point 711,
California,-121.9006638,37.3695345,0,Point 712,
California,-121.9016812,37.3687155,0,Point 713,
California,-121.9009731,37.3656629,0,Point 714,
California,-121.901916,37.363186,0,Point 715,
California,-121.9018539,37.3652224,0,Point 716,
California,-121.9031026,37.3628661,0,Point 717,
California,-121.9058359,37.3593233,0,Point 718,
California,-121.9075065,37.3567948,0,Point 719,
California,-121.9065051,37.3596575,0,Point 720,
California,-121.9085683,37.3573213,0,Point 721,
California,-121.9157202,37.3492514,0,Point 722,
California,-121.9179367,37.3493408,0,Point 723,
California,-121.9179488,37.3495797,0,Point 724,
California,-121.9193492,37.349436,0,Point 725,
California,-121.9246868,37.3435975,0,Point 726,
California,-121.9260242,37.3418164,0,Point 727,
California,-121.9260577,37.3435146,0,Point 728,
California,-121.9277208,37.3414694,0,Point 729,
California,-121.9355525,37.334629,0,Point 730,
California,-121.9362264,37.3354179,0,Point 731,
California,-121.9368941,37.3345346,0,Point 732,
California,-121.9401991,37.3242887,0,Point 733,
California,-121.9404633,37.3241815,0,Point 734,
California,-121.9405504,37.3184382,0,Point 735,
California,-121.9399936,37.3210194,0,Point 736,
California,-121.9399363,37.3195747,0,Point 737,
California,-121.9388202,37.2958357,0,Point 738,
California,-121.9374608,37.2934506,0,Point 739,
California,-121.9394519,37.2950124,0,Point 740,
California,-121.9381683,37.2932103,0,Point 741,
California,-121.9465151,37.272658,0,Point 742,
California,-121.9470349,37.2712325,0,Point 743,
California,-121.9484824,37.2681044,0,Point 744,
California,-121.953987,37.2576672,0,Point 745,
California,-121.9562744,37.2545726,0,Point 746,
California,-121.9556935,37.2565447,0,Point 747,
California,-121.956974,37.2548533,0,Point 748,
California,-121.958219,37.251253,0,Point 749,
California,-121.9596353,37.250353,0,Point 750,
California,-121.9738048,37.2274055,0,Point 751,
California,-121.975074,37.225818,0,Point 752,
California,-121.9935556,37.1918998,0,Point 753,
California,-122.0525023,37.3318509,0,Point 754,
California,-122.0526584,37.3320001,0,Point 755,
California,-122.0343034,37.3346742,0,Point 756,
California,-122.0300437,37.3340745,0,Point 757,
California,-122.0146614,37.3317125,0,Point 758,
California,-122.0148889,37.3312018,0,Point 759,
California,-122.015083,37.3305069,0,Point 760,
California,-122.0137734,37.3297459,0,Point 761,
California,-122.0020411,37.3245379,0,Point 762,
California,-121.9938493,37.3195491,0,Point 763,
California,-121.9765585,37.3181267,0,Point 764,
California,-121.9728144,37.3162485,0,Point 765,
California,-121.9529129,37.3170539,0,Point 766,
California,-121.928655,37.3170842,0,Point 767,
California,-121.924362,37.3170928,0,Point 768,
California,-121.9202983,37.3164769,0,Point 769,
California,-121.9136706,37.3154127,0,Point 770,
California,-121.9126745,37.3143748,0,Point 771,
California,-121.8998101,37.321949,0,Point 772,
California,-121.8956303,37.3228826,0,Point 773,
California,-121.8951833,37.3240196,0,Point 774,
California,-121.8952684,37.3241268,0,Point 775,
California,-121.8896701,37.323906,0,Point 776,
California,-121.8895212,37.3238393,0,Point 777,
California,-121.889619,37.3250222,0,Point 778,
California,-121.883726,37.3254558,0,Point 779,
California,-121.8806506,37.3276411,0,Point 780,
California,-121.8740417,37.3286262,0,Point 781,
California,-121.8731411,37.3278078,0,Point 782,
California,-121.8696678,37.3286999,0,Point 783,
California,-121.8590353,37.3357266,0,Point 784,
California,-121.8591077,37.3357911,0,Point 785,
California,-122.0703411,37.4034728,0,Point 786,
California,-122.0683847,37.3956838,0,Point 787,
California,-122.0690268,37.3893981,0,Point 788,
California,-122.0677552,37.383477,0,Point 789,
California,-122.0673943,37.3792733,0,Point 790,
California,-122.0671241,37.3769529,0,Point 791,
California,-122.0682337,37.379405,0,Point 792,
California,-122.0683244,37.3769768,0,Point 793,
California,-122.0606668,37.3532062,0,Point 794,
California,-122.060527,37.3507463,0,Point 795,
California,-122.0585825,37.336633,0,Point 796,
California,-122.0566009,37.3340083,0,Point 797,
California,-122.0544528,37.3316459,0,Point 798,
California,-122.0572075,37.3333137,0,Point 799,
California,-122.0493261,37.320034,0,Point 800,
California,-122.0343514,37.303134,0,Point 801,
California,-122.0304841,37.2989873,0,Point 802,
California,-122.010026,37.2791306,0,Point 803,
California,-122.0051975,37.2752119,0,Point 804,
California,-121.9665642,37.2595061,0,Point 805,
California,-121.9618897,37.2581087,0,Point 806,
California,-121.9495806,37.2539015,0,Point 807,
California,-121.9550141,37.2557029,0,Point 808,
California,-121.9455491,37.2531731,0,Point 809,
California,-121.9338283,37.25171,0,Point 810,
California,-121.9283368,37.250276,0,Point 811,
California,-121.9122865,37.2508886,0,Point 812,
California,-121.9077984,37.2503059,0,Point 813,
California,-121.8788309,37.2550345,0,Point 814,
California,-121.8747619,37.2563795,0,Point 815,
California,-121.8768774,37.2550375,0,Point 816,
California,-121.8749122,37.255446,0,Point 817,
California,-121.8624181,37.2557897,0,Point 818,
California,-121.8526196,37.2551123,0,Point 819,
California,-121.8579537,37.2558671,0,Point 820,
California,-121.8562693,37.2552059,0,Point 821,
California,-121.8380617,37.2516929,0,Point 822,
California,-121.835137,37.2502428,0,Point 823,
California,-121.8390876,37.2514552,0,Point 824,
California,-121.8352956,37.2496065,0,Point 825,
California,-121.8060187,37.2434419,0,Point 826,
California,-121.8029791,37.243079,0,Point 827,
California,-121.8046235,37.2426828,0,Point 828,
California,-121.8000999,37.2416428,0,Point 829,
California,-122.0760826,37.4107349,0,Point 830,
California,-121.7829085,37.240402,0,Point 831,
California,-121.7791275,37.2410181,0,Point 832,
California,-121.7748994,37.2416302,0,Point 833,
California,-121.7712764,37.2425792,0,Point 834,
California,-121.7711081,37.2420081,0,Point 835,
California,-121.7685266,37.2411961,0,Point 836,
California,-121.8586939,37.2581796,0,Point 837,
California,-121.8584566,37.2605079,0,Point 838,
California,-121.8629194,37.2725279,0,Point 839,
California,-121.8633276,37.2768937,0,Point 840,
California,-121.8723222,37.2920122,0,Point 841,
California,-121.8735392,37.2948056,0,Point 842,
California,-121.8737185,37.2973565,0,Point 843,
California,-121.8776715,37.3034319,0,Point 844,
California,-121.8859651,37.3136841,0,Point 845,
California,-121.8936417,37.325293,0,Point 846,
California,-121.8960502,37.3303343,0,Point 847,
California,-121.8976157,37.3352861,0,Point 848,
California,-121.8983549,37.337528,0,Point 849,
California,-121.8980763,37.3386334,0,Point 850,
California,-121.9027056,37.3447198,0,Point 851,
California,-121.9066688,37.3483327,0,Point 852,
California,-121.9172724,37.3616691,0,Point 853,
California,-121.9218264,37.3671775,0,Point 854,
California,-121.9273523,37.3714884,0,Point 855,
California,-122.0289899,37.4028074,0,Point 856,
California,-122.0009144,37.4091428,0,Point 857,
California,-122.0009553,37.4089671,0,Point 858,
California,-121.9966397,37.4092201,0,Point 859,
California,-121.9962744,37.4095582,0,Point 860,
California,-121.981389,37.414438,0,Point 861,
California,-121.9723825,37.4176412,0,Point 862,
California,-121.9627889,37.4193606,0,Point 863,
California,-121.9558532,37.4191297,0,Point 864,
California,-121.9388035,37.4209034,0,Point 865,
California,-121.9373627,37.4205399,0,Point 866,
California,-121.9270324,37.4229172,0,Point 867,
California,-121.92209,37.4240492,0,Point 868,
California,-121.8484364,37.3422763,0,Point 869,
California,-121.844987,37.3438971,0,Point 870,
California,-121.8387072,37.3510541,0,Point 871,
California,-121.8383471,37.3539854,0,Point 872,
California,-121.8392617,37.3573545,0,Point 873,
California,-121.8411359,37.3585738,0,Point 874,
California,-121.8403792,37.3592424,0,Point 875,
California,-121.841521,37.361164,0,Point 876,
California,-121.8449936,37.3656012,0,Point 877,
California,-121.8477761,37.3700515,0,Point 878,
California,-121.8611407,37.3823913,0,Point 879,
California,-121.8648475,37.3866753,0,Point 880,
California,-121.8710269,37.3915357,0,Point 881,
California,-121.8758298,37.3980763,0,Point 882,
California,-121.8761354,37.4019134,0,Point 883,
California,-121.879926,37.4116774,0,Point 884,
California,-121.8808721,37.4172894,0,Point 885,
California,-121.8865681,37.4302188,0,Point 886,
California,-121.8893177,37.4392424,0,Point 887,
California,-121.8910397,37.44419,0,Point 888,
California,-121.8915363,37.4495913,0,Point 889,
California,-121.9048316,37.4648299,0,Point 890,
California,-121.9076109,37.4694058,0,Point 891,
California,-121.9205276,37.4926373,0,Point 892,
California,-121.925588,37.4980361,0,Point 893,
California,-121.9390313,37.5126362,0,Point 894,
California,-121.9389165,37.5140819,0,Point 895,
California,-121.9416468,37.5314239,0,Point 896,
California,-121.938682,37.5322315,0,Point 897,
California,-121.9262875,37.5395314,0,Point 898,
California,-121.9250326,37.5396431,0,Point 899,
California,-121.9184537,37.5501665,0,Point 900,
California,-121.9175475,37.5535923,0,Point 901,
California,-121.9068891,37.5615817,0,Point 902,
California,-121.8866947,37.573985,0,Point 903,
California,-121.8835739,37.5748334,0,Point 904,
California,-121.871736,37.5880057,0,Point 905,
California,-121.8712996,37.5870801,0,Point 906,
California,-121.8707098,37.5900321,0,Point 907,
California,-121.8714645,37.5946247,0,Point 908,
California,-121.8714393,37.6026508,0,Point 909,
California,-121.8850654,37.6401827,0,Point 910,
California,-121.8858903,37.6421522,0,Point 911,
California,-121.8997207,37.6546067,0,Point 912,
California,-121.9035498,37.6591081,0,Point 913,
California,-121.9184605,37.6890784,0,Point 914,
California,-121.9193359,37.6913769,0,Point 915,
California,-121.9179944,37.6898783,0,Point 916,
California,-121.9186047,37.6914704,0,Point 917,
California,-121.9237402,37.7026344,0,Point 918,
California,-121.9401432,37.7225646,0,Point 919,
California,-121.941371,37.7243202,0,Point 920,
California,-121.9408925,37.7250203,0,Point 921,
California,-121.9745637,37.7748566,0,Point 922,
California,-121.9760274,37.777645,0,Point 923,
California,-121.9745841,37.7767431,0,Point 924,
California,-121.9751941,37.7787699,0,Point 925,
California,-121.9932536,37.8102378,0,Point 926,
California,-121.9927774,37.8129087,0,Point 927,
California,-122.047794,37.8770488,0,Point 928,
California,-122.0565153,37.8855483,0,Point 929,
California,-122.0635592,37.8918232,0,Point 930,
California,-122.0703907,37.903067,0,Point 931,
California,-122.0668958,37.9153282,0,Point 932,
California,-122.0607761,37.9284399,0,Point 933,
California,-122.1104928,38.0244753,0,Point 934,
California,-122.2870917,37.8268553,0,Point 935,
California,-122.2266392,37.8001851,0,Point 936,
California,-122.1297044,37.6906191,0,Point 937,
California,-122.108662,37.6891857,0,Point 938,
California,-122.1065353,37.6887618,0,Point 939,
California,-122.0988715,37.6902741,0,Point 940,
California,-122.0927222,37.6899869,0,Point 941,
California,-122.0852169,37.6903161,0,Point 942,
California,-122.075872,37.6911258,0,Point 943,
California,-122.0716228,37.6904138,0,Point 944,
California,-122.0549962,37.6940297,0,Point 945,
California,-122.0592561,37.6932039,0,Point 946,
California,-122.054364,37.6932181,0,Point 947,
California,-122.0225151,37.7016172,0,Point 948,
California,-122.0183767,37.7019458,0,Point 949,
California,-121.9367046,37.6990377,0,Point 950,
California,-121.9361766,37.6986598,0,Point 951,
California,-121.9332512,37.6979129,0,Point 952,
California,-121.9332795,37.6982184,0,Point 953,
California,-121.9244442,37.701517,0,Point 954,
California,-121.9133983,37.7014462,0,Point 955,
California,-121.9147607,37.7015669,0,Point 956,
California,-121.9082963,37.7024085,0,Point 957,
California,-121.9066758,37.7021565,0,Point 958,
California,-121.9074539,37.7012734,0,Point 959,
California,-121.9054754,37.7012431,0,Point 960,
California,-121.8892525,37.7020179,0,Point 961,
California,-121.8870305,37.7020736,0,Point 962,
California,-121.8890762,37.7010793,0,Point 963,
California,-121.8857181,37.7011395,0,Point 964,
California,-121.8739897,37.701837,0,Point 965,
California,-121.8711855,37.7018538,0,Point 966,
California,-121.8722896,37.7011642,0,Point 967,
California,-121.8696154,37.7010929,0,Point 968,
California,-121.852761,37.7016315,0,Point 969,
California,-121.8490452,37.7017394,0,Point 970,
California,-121.8495295,37.7009185,0,Point 971,
California,-121.8466768,37.7007336,0,Point 972,
California,-121.8206009,37.7014118,0,Point 973,
California,-121.8172003,37.7014049,0,Point 974,
California,-121.8186099,37.7006693,0,Point 975,
California,-121.8034119,37.7012892,0,Point 976,
California,-121.8005731,37.7012346,0,Point 977,
California,-121.802062,37.7005162,0,Point 978,
California,-121.8006707,37.700383,0,Point 979,
California,-121.7752833,37.7009506,0,Point 980,
California,-121.7725421,37.7007244,0,Point 981,
California,-121.7426618,37.7026585,0,Point 982,
California,-121.7386381,37.7024863,0,Point 983,
California,-121.725818,37.7087325,0,Point 984,
California,-121.7257183,37.7085683,0,Point 985,
California,-121.72097,37.7098712,0,Point 986,
California,-121.7052436,37.7172978,0,Point 987,
California,-121.705183,37.7163539,0,Point 988,
California,-121.5881901,37.7403889,0,Point 989,
California,-121.5829617,37.7406099,0,Point 990,
California,-121.5683811,37.7423273,0,Point 991,
California,-121.5674444,37.743778,0,Point 992,
California,-121.5344469,37.7428962,0,Point 993,
California,-121.5326919,37.7421886,0,Point 994,
California,-121.5280185,37.7420031,0,Point 995,
California,-122.0486364,37.9683331,0,Point 996,
California,-122.0437146,37.9789468,0,Point 997,
California,-122.0430291,37.9790384,0,Point 998,
California,-122.0417468,37.98111,0,Point 999,
California,-122.0409867,37.9875601,0,Point 1000,
California,-122.0398728,37.9899103,0,Point 1001,
California,-122.0390616,37.9969259,0,Point 1002,
California,-122.0388974,37.9968773,0,Point 1003,
California,-122.0375917,38.0031456,0,Point 1004,
California,-122.1324018,37.990402,0,Point 1005,
California,-122.128208,37.9906995,0,Point 1006,
California,-122.1223748,37.9941049,0,Point 1007,
California,-122.1174309,37.995953,0,Point 1008,
California,-122.1023849,37.9928789,0,Point 1009,
California,-122.0986638,37.9908183,0,Point 1010,
California,-122.0757217,37.9929015,0,Point 1011,
California,-122.0751291,37.9923954,0,Point 1012,
California,-122.0721984,37.9941249,0,Point 1013,
California,-122.0670091,37.9952411,0,Point 1014,
California,-122.0510719,38.0018581,0,Point 1015,
California,-122.0491917,38.0016207,0,Point 1016,
California,-122.0322303,38.0085836,0,Point 1017,
California,-122.0278048,38.0095307,0,Point 1018,
California,-122.0174417,38.0101117,0,Point 1019,
California,-122.0002075,38.013511,0,Point 1020,
California,-121.9921036,38.0156869,0,Point 1021,
California,-121.9691211,38.0239079,0,Point 1022,
California,-121.9650071,38.0231056,0,Point 1023,
California,-121.9668602,38.022769,0,Point 1024,
California,-121.962644,38.0220082,0,Point 1025,
California,-121.9445122,38.0193779,0,Point 1026,
California,-121.9391541,38.018533,0,Point 1027,
California,-121.8925063,38.0180842,0,Point 1028,
California,-121.8872587,38.0159655,0,Point 1029,
California,-121.8700154,38.0128057,0,Point 1030,
California,-121.8653934,38.0110211,0,Point 1031,
California,-121.8388825,38.005114,0,Point 1032,
California,-121.8358761,38.0028021,0,Point 1033,
California,-121.9445111,38.0193784,0,Point 1026,
California,-121.9391542,38.0185316,0,Point 1027,
California,-121.8925075,38.0180826,0,Point 1028,
California,-121.8872593,38.0159645,0,Point 1029,
California,-121.8700155,38.0128046,0,Point 1030,
California,-121.8653936,38.0110225,0,Point 1031,
California,-121.838883,38.0051141,0,Point 1032,
California,-121.835875,38.0028036,0,Point 1033,
California,-121.8231057,38.0003194,0,Point 1034,
California,-121.8193307,37.9984635,0,Point 1035,
California,-121.8077756,37.9986367,0,Point 1036,
California,-121.802937,37.9979219,0,Point 1037,
California,-121.7875036,37.9969292,0,Point 1038,
California,-121.784571,37.9963353,0,Point 1039,
California,-121.7832531,37.9955039,0,Point 1040,
California,-121.7581416,37.9924696,0,Point 1041,
California,-121.7523975,37.9885674,0,Point 1042,
California,-121.7451012,37.9809843,0,Point 1043,
California,-121.7451821,37.9793844,0,Point 1044,
California,-121.742896,37.9763066,0,Point 1045,
California,-121.7401696,37.9642058,0,Point 1046,
California,-121.7446283,37.959646,0,Point 1047,
California,-121.7438171,37.9589342,0,Point 1048,
California,-121.7417689,37.9450369,0,Point 1049,
California,-121.7428941,37.9447914,0,Point 1050,
California,-121.7347995,37.9298001,0,Point 1051,
California,-121.7320906,37.9239895,0,Point 1052,
California,-121.733731,37.9260744,0,Point 1053,
California,-121.2724568,37.7861188,0,Point 1054,
California,-121.2667416,37.7834908,0,Point 1055,
California,-121.2370678,37.7836499,0,Point 1056,
California,-121.2307784,37.7829829,0,Point 1057,
California,-121.2575061,38.0234927,0,Point 1058,
California,-121.2585355,38.0183534,0,Point 1059,
California,-121.2531522,37.9941217,0,Point 1060,
California,-121.2524761,37.9902559,0,Point 1061,
California,-121.2495252,37.986106,0,Point 1062,
California,-121.2490875,37.9842104,0,Point 1063,
California,-121.2512785,37.984889,0,Point 1064,
California,-121.2506287,37.9836334,0,Point 1065,
California,-121.2461872,37.9718149,0,Point 1074,
California,-121.2468401,37.9707526,0,Point 1075,
California,-121.2354432,37.9459641,0,Point 1076,
California,-121.236024,37.9456285,0,Point 1077,
California,-121.2338729,37.9353493,0,Point 1078,
California,-121.2335799,37.9327915,0,Point 1079,
California,-121.2344917,37.9347663,0,Point 1080,
California,-121.2343499,37.9322721,0,Point 1081,
California,-121.223531,37.9072162,0,Point 1082,
California,-121.2222972,37.9018812,0,Point 1083,
California,-121.2183788,37.8632742,0,Point 1084,
California,-121.2190935,37.8616833,0,Point 1085,
California,-121.2169413,37.8259364,0,Point 1086,
California,-121.2177338,37.8273596,0,Point 1087,
California,-121.1914077,37.7991356,0,Point 1088,
California,-121.1911611,37.7957948,0,Point 1089,
California,-121.1805429,37.7760447,0,Point 1090,
California,-121.1750443,37.7710366,0,Point 1091,
California,-121.1443071,37.7540726,0,Point 1092,
California,-121.1410097,37.7525498,0,Point 1093,
California,-121.1402958,37.7508757,0,Point 1094,
California,-121.1310315,37.7456623,0,Point 1095,
California,-121.1194823,37.7386931,0,Point 1096,
California,-121.119938,37.7383282,0,Point 1097,
California,-121.1047891,37.7273211,0,Point 1098,
California,-121.1017614,37.7237465,0,Point 1099,
California,-121.0821043,37.7102991,0,Point 1100,
California,-121.0795323,37.7071561,0,Point 1101,
California,-121.0724604,37.7018942,0,Point 1102,
California,-121.0711646,37.6992363,0,Point 1103,
California,-121.0289142,37.6639999,0,Point 1104,
California,-121.0079951,37.640565,0,Point 1105,
California,-119.9155844,36.8303457,0,"Herndon Ave, CA-99 S",
California,-119.9052316,36.8230122,0,"Veterans Blvd W, CA-99 N",
California,-119.9029716,36.8210887,0,"Veterans Blvd E, CA-99 N",
California,-119.9048269,36.8217026,0,"Veterans Blvd W, CA-99 S",
California,-119.9027732,36.8198734,0,"Veterans Blvd E, CA-99 S",
California,-119.8855122,36.8064943,0,"Shaw Ave, CA-99 S",
California,-119.8644865,36.7926002,0,"Ashlan Ave, CA-99 S
",
California,-119.8584106,36.7894533,0,"Golden State Blvd, CA-99 S",
California,-119.8393505,36.7732144,0,"Clinton Ave, CA-99 N",
California,-119.8392534,36.773279,0,"Golden State Blvd, CA-99 N",
California,-119.8377103,36.7696137,0,"Clinton Ave, CA-99 S",
California,-119.8339408,36.7637707,0,"McKinley Ave, CA-99 S",
California,-119.829688,36.7580155,0,"Olive Ave, CA-99 N",
California,-119.8294503,36.7563307,0,"Olive Ave, CA-99 S",
California,-119.824492,36.7491014,0,"Belmont Ave, CA-99 S",
California,-119.7931509,36.893459,0,"Children's Blvd W, CA-41 S",
California,-119.7932654,36.8904177,0,"Children's Blvd E, CA-41 S",
California,-119.7901264,36.8551171,0,"Friant Rd W, CA-41 S",
California,-119.7882621,36.8530032,0,"Friant Rd E, CA-41 S",
California,-119.7856471,36.8383537,0,"Herndon Ave W, CA-41 S",
California,-119.785409,36.8353238,0,"Herndon Ave E, CA-41 S",
California,-119.7847427,36.8246377,0,"Bullard Ave, CA-41 N",
California,-119.7857231,36.821709,0,"Bullard Ave, CA-41 S",
California,-119.7848667,36.8100644,0,"Shaw Ave W, CA-41 N",
California,-119.7848612,36.8078134,0,"Shaw Ave E, CA-41 N",
California,-119.7858214,36.8093444,0,"Shaw Ave W, CA-41 S",
California,-119.7856356,36.8067353,0,"Shaw Ave E, CA-41 S",
California,-119.7845836,36.7952798,0,"Ashlan Ave, CA-41 N",
California,-119.7851244,36.792771,0,"Ashlan Ave, CA-41 S",
California,-119.7842785,36.781392,0,"Shields Ave W, CA-41 N",
California,-119.7841215,36.7788083,0,"Shields Ave E, CA-41 N",
California,-119.7854592,36.7805527,0,"Shields Ave W, CA-41 S",
California,-119.7852766,36.7779432,0,"Shields Ave E, CA-41 S",
California,-119.7780752,36.7664871,0,"McKinley Ave, CA-41 N",
California,-119.7788593,36.7660221,0,"McKinley Ave, CA-41 S",
California,-119.7763379,36.7444136,0,"Tulare Ave W, CA-41 N",
California,-119.7769042,36.7424313,0,"Tulare St E, CA-41 N",
California,-119.7779976,36.7406993,0,"Tulare St, CA-41 S",
California,-119.7784751,36.7321573,0,"M St, CA-41 N",
California,-119.7819389,36.7291543,0,"Van Ness Ave, CA-41 N",
California,-119.7842674,36.7083969,0,"Jensen Ave W, CA-41 N",
California,-119.7847496,36.7062882,0,"Jensen Ave E, CA-41 N",
California,-119.7856072,36.694988,0,"North Ave, CA-41 N",
California,-119.8451541,36.7380559,0,"Marks Ave S, CA-180 E",
California,-119.8403482,36.7381794,0,"Marks Ave N, CA-180 E",
California,-119.8017752,36.7481981,0,"Fulton St, CA-180 W",
California,-119.7973011,36.749782,0,"Van Ness Ave, CA-180 E",
California,-119.7923627,36.7519107,0,"Blackstone Ave, CA-180 W",
California,-119.7879051,36.7519043,0,"Abby St, CA-180 E",
California,-119.7510491,36.7553527,0,"Cedar Ave, CA-180 W",
California,-119.7393839,36.7555101,0,"Chestnut Ave S, CA-180 W",
California,-119.7355463,36.7550044,0,"Chestnut Ave N, CA-180 W",
California,-119.7214693,36.7537512,0,"Peach Ave, CA-180 W",
California,-119.7026475,36.7531141,0,"Clovis Ave S, CA-180 W",
California,-119.6994343,36.7530173,0,"Clovis Ave N, CA-180 W",
California,-119.6858002,36.7538623,0,"Fowler Ave S, CA-180 W",
California,-119.681333,36.753206,0,"Fowler Ave N, CA-180 W",
California,-119.6671261,36.7423633,0,"Temperance Ave S, CA-180 W",
California,-119.6634731,36.7395761,0,"Temperance Ave N, CA-180 W",
California,-119.7497633,36.7659784,0,"McKinley Ave, CA-168 S",
California,-119.7489731,36.7690551,0,"McKinley Ave, CA-168 N",
California,-119.7496109,36.7772379,0,"Shields Ave, CA-168 S",
California,-119.7487667,36.7820885,0,"Shields Ave, CA-168 N",
California,-119.7487378,36.7916397,0,"Ashlan Ave E, CA-168 S",
California,-119.7468203,36.7938152,0,"Ashlan Ave E, CA-168 N",
California,-119.7446995,36.7964825,0,"Ashlan Ave W, CA-168 N",
California,-119.7364132,36.8058088,0,"Shaw Ave E, CA-168 S",
California,-119.7335217,36.8091462,0,"Shaw Ave W, CA-168 S",
California,-119.7334721,36.807992,0,"Shaw Ave E, CA-168 N",
California,-119.7307329,36.8109157,0,"Shaw Ave W, CA-168 N",
California,-119.7202427,36.8209321,0,"Bullard Ave E, CA-168 S",
California,-119.7173399,36.8234435,0,"Bullard Ave W, CA-168 S",
California,-119.7171871,36.8226368,0,"Bullard Ave E, CA-168 N",
California,-119.7145038,36.824988,0,"Bullard Ave W, CA-168 N",
California,-119.7052046,36.8351941,0,"Herndon Ave E, CA-168 S",
California,-119.7036544,36.8377226,0,"Herndon Ave W, CA-168 S",
California,-119.7032695,36.8369034,0,"Herndon Ave E, CA-168 N",
California,-119.6867555,36.8413786,0,"Fowler Ave, CA-168 S",
California,-121.6289658,36.8571506,0,"San Juan Rd, US-101 N",
California,-121.6304493,36.8570928,0,"San Juan Rd, US-101 S",
California,-121.6673568,36.7888853,0,"CA-156, US-101 N",
California,-120.6912208,35.6124358,0,"Spring St, US-101 S",
California,-122.363949,37.8123456,0,"Macalla Rd, I-80 W",
California,-122.3625802,37.8122199,0,"Hillcrest Rd, I-80 E",
California,-119.026376,35.2825502,0,Point 1190,
California,-119.0260537,35.2805539,0,Point 1191,
California,-119.0227487,35.3528914,0,Point 1192,
California,-119.0176047,35.3521948,0,Point 1193,
California,-119.0049433,35.3527327,0,Point 1194,
California,-119.0025028,35.3526929,0,Point 1195,
California,-119.003761,35.3521584,0,Point 1196,
California,-119.0010314,35.3521512,0,Point 1197,
California,-118.9157435,35.3970195,0,Point 1198,
California,-119.7084072,34.417329,0,"Carrillo St, US-101 N",
California,-119.6882328,34.4188206,0,"Garden St, US-101 S",
California,-119.1965582,34.2454622,0,Point 1201,
California,-119.1939558,34.2434586,0,Point 1202,
California,-119.1839612,34.2407274,0,Point 1203,
California,-119.1791443,34.2379867,0,Point 1204,
California,-119.1449952,34.2230792,0,Point 1205,
California,-119.1405277,34.2230208,0,Point 1206,
California,-119.1401292,34.2221976,0,Point 1207,
California,-119.0364586,34.2175653,0,Point 1208,
California,-119.0360342,34.2168663,0,Point 1209,
California,-119.0085792,34.2136987,0,Point 1210,
California,-118.9842566,34.2056824,0,Point 1211,
California,-118.9849523,34.2051279,0,Point 1212,
California,-118.9414382,34.1910382,0,Point 1213,
California,-118.9384295,34.1896682,0,Point 1214,
California,-118.93718,34.1885598,0,Point 1215,
California,-118.9284627,34.185466,0,Point 1216,
California,-118.91316,34.1845928,0,Point 1217,
California,-118.9103274,34.1846081,0,Point 1218,
California,-118.9119838,34.1841016,0,Point 1219,
California,-118.9093924,34.1841052,0,Point 1220,
California,-118.8927225,34.1843094,0,Point 1221,
California,-118.8925555,34.183501,0,Point 1222,
California,-118.889632,34.1821729,0,Point 1223,
California,-118.8777394,34.1777539,0,Point 1224,
California,-118.8752127,34.1769545,0,Point 1225,
California,-118.8639037,34.1767273,0,Point 1226,
California,-118.8602633,34.1764425,0,Point 1227,
California,-118.8594997,34.1758584,0,Point 1228,
California,-118.8388549,34.1671858,0,Point 1229,
California,-118.8364699,34.1648052,0,Point 1230,
California,-118.8275466,34.1596358,0,Point 1231,
California,-118.8255067,34.1582137,0,Point 1232,
California,-118.8246433,34.1569482,0,Point 1233,
California,-118.8224766,34.1554411,0,Point 1234,
California,-118.8056943,34.1499098,0,Point 1235,
California,-118.8030597,34.149102,0,Point 1236,
California,-118.8052738,34.1488696,0,Point 1237,
California,-118.8018421,34.148032,0,Point 1238,
California,-118.7822559,34.1472202,0,Point 1239,
California,-118.7792623,34.146804,0,Point 1240,
California,-118.7633455,34.1466114,0,Point 1241,
California,-118.7602769,34.1463735,0,Point 1242,
California,-118.7621683,34.145703,0,Point 1243,
California,-118.7599581,34.1455828,0,Point 1244,
California,-118.739673,34.1434536,0,Point 1245,
California,-118.739813,34.1429002,0,Point 1246,
California,-118.7259818,34.1382188,0,Point 1247,
California,-118.7207766,34.1383848,0,Point 1248,
California,-118.7103841,34.1409227,0,Point 1249,
California,-118.708332,34.141047,0,Point 1250,
California,-118.6998382,34.145981,0,Point 1251,
California,-118.6973821,34.148445,0,Point 1252,
California,-118.6983392,34.1484091,0,Point 1253,
California,-118.6558898,34.1518284,0,Point 1254,
California,-118.6497763,34.1540424,0,Point 1255,
California,-118.6538346,34.1530428,0,Point 1256,
California,-118.6529711,34.1533188,0,Point 1257,
California,-118.6380063,34.1589262,0,Point 1258,
California,-118.635547,34.1598997,0,Point 1259,
California,-118.6310928,34.162001,0,Point 1260,
California,-118.6111272,34.1696834,0,Point 1261,
California,-118.6072531,34.1711853,0,Point 1262,
California,-118.6067863,34.1703353,0,Point 1263,
California,-118.604716,34.1703119,0,Point 1264,
California,-118.5957796,34.1689633,0,Point 1265,
California,-118.5904736,34.1686591,0,Point 1266,
California,-118.5865875,34.1676382,0,Point 1267,
California,-118.5730005,34.1717506,0,Point 1268,
California,-118.5699944,34.1722238,0,Point 1269,
California,-118.5551095,34.1738545,0,Point 1270,
California,-118.5499502,34.1731224,0,Point 1271,
California,-118.5380855,34.1735731,0,Point 1272,
California,-118.5312751,34.1713156,0,Point 1273,
California,-118.5204944,34.1714367,0,Point 1274,
California,-118.5170507,34.1709179,0,Point 1275,
California,-118.5032041,34.171338,0,Point 1276,
California,-118.499321,34.1691073,0,Point 1277,
California,-118.4907013,34.1649344,0,Point 1278,
California,-118.47442,34.1654731,0,Point 1279,
California,-118.4643754,34.159132,0,Point 1280,
California,-119.0399693,35.3363757,0,Point 1281,
California,-119.0451432,35.3840628,0,Point 1282,
California,-118.450939,34.1578797,0,Point 1283,
California,-118.4470941,34.156017,0,Point 1284,
California,-118.4330703,34.1558833,0,Point 1285,
California,-118.4297327,34.1553504,0,Point 1286,
California,-118.4153667,34.1569963,0,Point 1287,
California,-118.4123887,34.1564629,0,Point 1288,
California,-118.3976075,34.1547773,0,Point 1289,
California,-118.3947127,34.1541902,0,Point 1290,
California,-118.3811746,34.1547274,0,Point 1291,
California,-118.3744886,34.1513675,0,Point 1292,
California,-118.3713913,34.1469893,0,Point 1293,
California,-118.3663569,34.1415986,0,Point 1294,
California,-118.3649439,34.1388752,0,Point 1295,
California,-118.3574622,34.1342826,0,Point 1296,
California,-118.3541169,34.1339595,0,Point 1297,
California,-118.3521043,34.1334128,0,Point 1298,
California,-118.351232,34.1323302,0,Point 1299,
California,-118.3365303,34.1158335,0,Point 1300,
California,-118.3348095,34.1104309,0,Point 1301,
California,-118.3284168,34.1062452,0,Point 1302,
California,-118.3263632,34.1055973,0,Point 1303,
California,-118.3237976,34.1041758,0,Point 1304,
California,-118.3168572,34.1024047,0,Point 1305,
California,-118.3159062,34.0999566,0,Point 1306,
California,-118.3141418,34.0970196,0,Point 1307,
California,-118.3104059,34.0947807,0,Point 1308,
California,-118.3063969,34.0900113,0,Point 1309,
California,-118.3015618,34.0858158,0,Point 1310,
California,-118.2980368,34.0826395,0,Point 1311,
California,-118.2924909,34.0810697,0,Point 1312,
California,-118.2887029,34.0780978,0,Point 1313,
California,-118.2825537,34.0775912,0,Point 1314,
California,-118.2804955,34.0767164,0,Point 1315,
California,-118.2734384,34.0751001,0,Point 1316,
California,-118.2729026,34.0744907,0,Point 1317,
California,-118.2679647,34.0727815,0,Point 1318,
California,-118.2656735,34.0711709,0,Point 1319,
California,-118.2622488,34.0698104,0,Point 1320,
California,-118.2596709,34.0694248,0,Point 1321,
California,-118.2334755,34.0534394,0,Point 1322,
California,-118.2277077,34.0531679,0,Point 1323,
California,-118.6164561,34.4568564,0,Point 1324,
California,-118.6163842,34.454845,0,Point 1325,
California,-118.5914632,34.4332765,0,Point 1326,
California,-118.5836492,34.4246136,0,Point 1327,
California,-118.582702,34.421179,0,Point 1328,
California,-118.5756553,34.4078197,0,Point 1329,
California,-118.5767395,34.4083936,0,Point 1330,
California,-118.5759691,34.4064004,0,Point 1331,
California,-118.5719305,34.3948848,0,Point 1332,
California,-118.5713369,34.3925451,0,Point 1333,
California,-118.5671326,34.380647,0,Point 1334,
California,-118.5656644,34.3776467,0,Point 1335,
California,-118.5549446,34.3604053,0,Point 1336,
California,-118.4411153,34.2650847,0,Point 1337,
California,-118.4425328,34.2635041,0,Point 1338,
California,-118.4364734,34.2565341,0,Point 1339,
California,-118.434832,34.2557841,0,Point 1340,
California,-118.4284203,34.249919,0,Point 1341,
California,-118.4226713,34.2455822,0,Point 1342,
California,-118.4214442,34.2444798,0,Point 1343,
California,-118.4232385,34.2449137,0,Point 1344,
California,-118.4220934,34.2438509,0,Point 1345,
California,-118.4156293,34.2377844,0,Point 1346,
California,-118.401487,34.2320531,0,Point 1347,
California,-118.3996397,34.230627,0,Point 1348,
California,-118.3887903,34.2273498,0,Point 1349,
California,-118.3890246,34.226153,0,Point 1350,
California,-118.384354,34.2267747,0,Point 1351,
California,-118.3828724,34.2258628,0,Point 1352,
California,-118.374332,34.2250007,0,Point 1353,
California,-118.3673328,34.2223892,0,Point 1354,
California,-118.3649435,34.2216818,0,Point 1355,
California,-118.3591251,34.2208859,0,Point 1356,
California,-118.349365,34.213342,0,Point 1357,
California,-118.347701,34.2110287,0,Point 1358,
California,-118.3387346,34.2008912,0,Point 1359,
California,-118.3393755,34.2002059,0,Point 1360,
California,-118.3293668,34.1937523,0,Point 1361,
California,-118.3271433,34.1910262,0,Point 1362,
California,-118.3193136,34.1864879,0,Point 1363,
California,-118.3167481,34.1838491,0,Point 1364,
California,-118.3121998,34.1799006,0,Point 1365,
California,-118.3089939,34.1772037,0,Point 1366,
California,-118.3051383,34.1717025,0,Point 1367,
California,-118.3028797,34.1703932,0,Point 1368,
California,-118.3056426,34.1701407,0,Point 1369,
California,-118.3032274,34.168954,0,Point 1370,
California,-118.2969454,34.1660232,0,Point 1371,
California,-118.2956907,34.1644164,0,Point 1372,
California,-118.2981049,34.1646895,0,Point 1373,
California,-118.2960505,34.1632275,0,Point 1374,
California,-118.2803906,34.1491827,0,Point 1375,
California,-118.2776622,34.1419695,0,Point 1376,
California,-118.2784249,34.1420331,0,Point 1377,
California,-118.2716606,34.12311,0,Point 1378,
California,-118.2707285,34.1204069,0,Point 1379,
California,-118.2727502,34.1233668,0,Point 1380,
California,-118.2723703,34.1205294,0,Point 1381,
California,-118.2674286,34.1141014,0,Point 1382,
California,-118.2655572,34.1117916,0,Point 1383,
California,-118.25773,34.1080292,0,Point 1384,
California,-118.2421042,34.094197,0,Point 1385,
California,-118.241863,34.0930479,0,Point 1386,
California,-118.2307535,34.0853892,0,Point 1387,
California,-118.2300304,34.0840556,0,Point 1388,
California,-118.219012,34.0765567,0,Point 1389,
California,-118.2189674,34.071124,0,Point 1390,
California,-118.214218,34.0591274,0,Point 1391,
California,-118.2145564,34.0574433,0,Point 1392,
California,-118.2146252,34.0487991,0,Point 1393,
California,-118.2179843,34.0424089,0,Point 1394,
California,-118.220814,34.032426,0,Point 1395,
California,-118.2166795,34.0292154,0,Point 1396,
California,-118.2052053,34.0249818,0,Point 1397,
California,-118.18918,34.019904,0,Point 1398,
California,-118.1815507,34.0202301,0,Point 1399,
California,-118.1570083,34.0069226,0,Point 1400,
California,-118.1450954,33.994836,0,Point 1401,
California,-118.1352384,33.9854722,0,Point 1402,
California,-118.1261788,33.9764728,0,Point 1403,
California,-118.1190214,33.9639971,0,Point 1404,
California,-118.1199857,33.9637032,0,Point 1405,
California,-118.1123114,33.9587505,0,Point 1406,
California,-118.1107063,33.957787,0,Point 1407,
California,-118.1124672,33.9580159,0,Point 1408,
California,-118.110915,33.956879,0,Point 1409,
California,-118.0937512,33.9378715,0,Point 1410,
California,-118.0926364,33.9344923,0,Point 1411,
California,-118.0806429,33.918833,0,Point 1412,
California,-118.0716699,33.9105993,0,Point 1413,
California,-118.0631723,33.9037232,0,Point 1414,
California,-118.0601809,33.9007778,0,Point 1415,
California,-118.0487573,33.8952343,0,Point 1416,
California,-118.0448568,33.8921251,0,Point 1417,
California,-118.031418,33.8859911,0,Point 1418,
California,-118.0254779,33.8815343,0,Point 1419,
California,-118.0088248,33.8729651,0,Point 1420,
California,-118.0084718,33.8717496,0,Point 1421,
California,-118.0013439,33.8684597,0,Point 1422,
California,-117.9958996,33.8647544,0,Point 1423,
California,-117.9848162,33.8593971,0,Point 1424,
California,-117.9747598,33.8533889,0,Point 1425,
California,-117.9629048,33.8479297,0,Point 1426,
California,-117.9585529,33.8457271,0,Point 1427,
California,-117.956023,33.8432432,0,Point 1428,
California,-117.943344,33.8371849,0,Point 1429,
California,-117.9371449,33.8340817,0,Point 1430,
California,-117.9335296,33.8328023,0,Point 1431,
California,-117.9309333,33.8318672,0,Point 1432,
California,-117.9243006,33.8250891,0,Point 1433,
California,-117.9217482,33.8210766,0,Point 1434,
California,-117.9181095,33.8186836,0,Point 1435,
California,-117.9148285,33.8156033,0,Point 1436,
California,-117.9157495,33.8152608,0,Point 1437,
California,-117.9076919,33.8085665,0,Point 1438,
California,-117.9041644,33.8043515,0,Point 1439,
California,-117.9041413,33.8056108,0,Point 1440,
California,-117.9006269,33.8011526,0,Point 1441,
California,-117.900177,33.8022619,0,Point 1442,
California,-117.8928307,33.7936857,0,Point 1443,
California,-117.8890852,33.7915772,0,Point 1444,
California,-117.8913157,33.7921543,0,Point 1445,
California,-117.8890237,33.7913251,0,Point 1446,
California,-117.8868081,33.788052,0,Point 1447,
California,-117.8671631,33.7683656,0,Point 1448,
California,-117.8662502,33.7647841,0,Point 1449,
California,-117.8624515,33.7607977,0,Point 1450,
California,-117.8611087,33.7596362,0,Point 1451,
California,-117.8604439,33.7583112,0,Point 1452,
California,-117.8512217,33.7551841,0,Point 1453,
California,-117.853111,33.7549711,0,Point 1454,
California,-117.8434671,33.7496288,0,Point 1455,
California,-117.8423807,33.7448412,0,Point 1456,
California,-117.824078,33.7378297,0,Point 1457,
California,-117.8163508,33.7347289,0,Point 1458,
California,-117.8144402,33.7323482,0,Point 1459,
California,-117.805664,33.7273269,0,Point 1460,
California,-117.8051566,33.7258351,0,Point 1461,
California,-117.7964366,33.7210026,0,Point 1462,
California,-117.7939354,33.7193281,0,Point 1463,
California,-117.7963117,33.7198421,0,Point 1464,
California,-117.7943163,33.7185215,0,Point 1465,
California,-117.78369,33.7119098,0,Point 1466,
California,-117.7816799,33.7099382,0,Point 1467,
California,-117.783422,33.7103433,0,Point 1468,
California,-117.7805695,33.7074739,0,Point 1469,
California,-117.7692739,33.6921228,0,Point 1470,
California,-117.7674028,33.6896594,0,Point 1471,
California,-117.7669628,33.6866622,0,Point 1472,
California,-117.7587492,33.6795747,0,Point 1473,
California,-117.7572591,33.6758512,0,Point 1474,
California,-117.7557296,33.6601097,0,Point 1475,
California,-117.7440063,33.6566184,0,Point 1476,
California,-117.7428215,33.6549784,0,Point 1477,
California,-117.7394849,33.6491387,0,Point 1478,
California,-117.7289167,33.639175,0,Point 1479,
California,-117.7287217,33.6377571,0,Point 1480,
California,-117.7325422,33.6402282,0,Point 1481,
California,-117.7305132,33.6377498,0,Point 1482,
California,-117.7206481,33.6292245,0,Point 1483,
California,-117.7222962,33.6295121,0,Point 1484,
California,-117.7206532,33.627659,0,Point 1485,
California,-117.708599,33.6160468,0,Point 1486,
California,-117.7064532,33.6143542,0,Point 1487,
California,-117.7092173,33.6155023,0,Point 1488,
California,-117.7069525,33.6135317,0,Point 1489,
California,-117.6925035,33.6062097,0,Point 1490,
California,-117.6895897,33.6045143,0,Point 1491,
California,-117.6913705,33.6045872,0,Point 1492,
California,-117.6886271,33.6028504,0,Point 1493,
California,-117.678226,33.599478,0,Point 1494,
California,-117.6754348,33.5983771,0,Point 1495,
California,-117.6772862,33.5981146,0,Point 1496,
California,-117.6752855,33.5966793,0,Point 1497,
California,-117.6713102,33.5827324,0,Point 1498,
California,-117.6712926,33.5786948,0,Point 1499,
California,-117.672166,33.5817117,0,Point 1500,
California,-117.6722137,33.5783126,0,Point 1501,
California,-117.6723389,33.5622089,0,Point 1502,
California,-117.6725614,33.5584242,0,Point 1503,
California,-117.6733926,33.5573417,0,Point 1504,
California,-117.6723908,33.5490817,0,Point 1505,
California,-117.6733898,33.5461573,0,Point 1506,
California,-117.666151,33.5225608,0,Point 1507,
California,-117.6652205,33.5183285,0,Point 1508,
California,-117.6585316,33.5044739,0,Point 1509,
California,-117.6578645,33.5019437,0,Point 1510,
California,-117.6587561,33.5005899,0,Point 1511,
California,-117.6630682,33.4894919,0,Point 1512,
California,-117.6636035,33.4899211,0,Point 1513,
California,-117.6736484,33.4762307,0,Point 1514,
California,-117.6725215,33.4689468,0,Point 1515,
California,-117.670961,33.4670024,0,Point 1516,
California,-117.6689352,33.4660254,0,Point 1517,
California,-117.6573442,33.4599525,0,Point 1518,
California,-117.6550219,33.4586726,0,Point 1519,
California,-117.6543807,33.457443,0,Point 1520,
California,-117.6329434,33.4466225,0,Point 1521,
California,-117.6302118,33.4449481,0,Point 1522,
California,-117.6323684,33.445093,0,Point 1523,
California,-117.6241655,33.4401194,0,Point 1524,
California,-117.6205321,33.437363,0,Point 1525,
California,-117.6150728,33.4321115,0,Point 1526,
California,-117.6108873,33.4280895,0,Point 1527,
California,-117.6095767,33.4250831,0,Point 1528,
California,-117.6050169,33.4192601,0,Point 1529,
California,-117.6046115,33.4171837,0,Point 1530,
California,-117.6018774,33.4131704,0,Point 1531,
California,-117.6001181,33.4084505,0,Point 1532,
California,-118.6200626,34.4340365,0,Point 1533,
California,-118.6183745,34.4345885,0,Point 1534,
California,-118.6154563,34.4362761,0,Point 1535,
California,-118.8601524,34.1829257,0,Point 1536,
California,-118.8585276,34.1982879,0,Point 1537,
California,-118.8571825,34.200494,0,Point 1538,
California,-118.8569136,34.1991504,0,Point 1539,
California,-118.8556243,34.2015152,0,Point 1540,
California,-118.8494928,34.2102897,0,Point 1541,
California,-118.8495715,34.2122922,0,Point 1542,
California,-118.8486736,34.2108412,0,Point 1543,
California,-118.8488365,34.2128308,0,Point 1544,
California,-118.8480514,34.2263094,0,Point 1545,
California,-118.8470028,34.2286556,0,Point 1546,
California,-118.847066,34.2265091,0,Point 1547,
California,-118.8457609,34.2294915,0,Point 1548,
California,-118.8415469,34.2385198,0,Point 1549,
California,-118.8402914,34.2421047,0,Point 1550,
California,-118.8394969,34.2411966,0,Point 1551,
California,-118.839339,34.2447864,0,Point 1552,
California,-118.8499013,34.2645096,0,Point 1553,
California,-118.8518917,34.2669233,0,Point 1554,
California,-118.8505003,34.2663622,0,Point 1555,
California,-118.852313,34.2685943,0,Point 1556,
California,-118.8619697,34.2795043,0,Point 1557,
California,-118.862535,34.2817443,0,Point 1558,
California,-118.859322,34.2929621,0,Point 1559,
California,-118.8547217,34.2925538,0,Point 1560,
California,-118.843959,34.2936197,0,Point 1561,
California,-118.843802,34.293049,0,Point 1562,
California,-118.7942464,34.2852835,0,Point 1563,
California,-118.7939195,34.2840662,0,Point 1564,
California,-118.791495,34.2829908,0,Point 1565,
California,-118.7814257,34.2826081,0,Point 1566,
California,-118.7772963,34.2828228,0,Point 1567,
California,-118.7799431,34.2817214,0,Point 1568,
California,-118.7769775,34.2819581,0,Point 1569,
California,-118.7634617,34.2825911,0,Point 1570,
California,-118.7603673,34.2828,0,Point 1571,
California,-118.7624658,34.2817789,0,Point 1572,
California,-118.759401,34.2819679,0,Point 1573,
California,-118.745876,34.2825931,0,Point 1574,
California,-118.7428099,34.2828075,0,Point 1575,
California,-118.7450093,34.2817619,0,Point 1576,
California,-118.7416484,34.2819715,0,Point 1577,
California,-118.7198369,34.2822917,0,Point 1578,
California,-118.716664,34.2822022,0,Point 1579,
California,-118.7191059,34.281267,0,Point 1580,
California,-118.7155881,34.2813538,0,Point 1581,
California,-118.6934981,34.2819332,0,Point 1582,
California,-118.6903331,34.2821733,0,Point 1583,
California,-118.6924954,34.2810774,0,Point 1584,
California,-118.6895941,34.2812704,0,Point 1585,
California,-118.6814582,34.2819001,0,Point 1586,
California,-118.6776771,34.2821892,0,Point 1587,
California,-118.6793983,34.2811437,0,Point 1588,
California,-118.676373,34.2812529,0,Point 1589,
California,-118.6632928,34.2794825,0,Point 1590,
California,-118.6595745,34.277568,0,Point 1591,
California,-118.6364517,34.2678298,0,Point 1592,
California,-118.6346236,34.2683727,0,Point 1593,
California,-118.6063306,34.2782372,0,Point 1594,
California,-118.6038303,34.2770767,0,Point 1595,
California,-118.5898074,34.2744751,0,Point 1596,
California,-118.5882901,34.2731423,0,Point 1597,
California,-118.5713904,34.2738599,0,Point 1598,
California,-118.5680677,34.2730194,0,Point 1599,
California,-118.5584363,34.2729018,0,Point 1600,
California,-118.5545648,34.2719922,0,Point 1601,
California,-118.5396679,34.2749301,0,Point 1602,
California,-118.5347034,34.2751772,0,Point 1603,
California,-118.504317,34.2783489,0,Point 1604,
California,-118.5032826,34.2776156,0,Point 1605,
California,-118.5008532,34.2775465,0,Point 1606,
California,-118.4919443,34.2730904,0,Point 1607,
California,-118.4860537,34.2692902,0,Point 1608,
California,-118.468728,34.2662913,0,Point 1609,
California,-118.4660388,34.2655409,0,Point 1610,
California,-118.4423695,34.2674591,0,Point 1611,
California,-118.430512,34.2725508,0,Point 1612,
California,-118.4288216,34.2710014,0,Point 1613,
California,-118.4689781,34.2807781,0,Point 1614,
California,-118.470369,34.278474,0,Point 1615,
California,-118.4725616,34.2728474,0,Point 1616,
California,-118.4716274,34.2594583,0,Point 1617,
California,-118.4718725,34.2566519,0,Point 1618,
California,-118.473336,34.2577267,0,Point 1619,
California,-118.4727153,34.2559939,0,Point 1620,
California,-118.4727154,34.2371886,0,Point 1621,
California,-118.4734244,34.2342803,0,Point 1622,
California,-118.4728673,34.2227792,0,Point 1623,
California,-118.4736043,34.2199972,0,Point 1624,
California,-118.4721921,34.2019821,0,Point 1625,
California,-118.4738029,34.2021445,0,Point 1626,
California,-118.4741041,34.1999197,0,Point 1627,
California,-118.4731703,34.1871395,0,Point 1628,
California,-118.4745403,34.1886066,0,Point 1629,
California,-118.4744614,34.1860956,0,Point 1630,
California,-118.4673029,34.1728526,0,Point 1631,
California,-118.4681811,34.1697953,0,Point 1632,
California,-118.4690997,34.1550625,0,Point 1633,
California,-118.4674494,34.1526692,0,Point 1634,
California,-118.4677655,34.1534845,0,Point 1635,
California,-118.4709379,34.1465204,0,Point 1636,
California,-118.476081,34.1250992,0,Point 1637,
California,-118.482292,34.1163725,0,Point 1638,
California,-118.4760864,34.095536,0,Point 1639,
California,-118.4770923,34.0958662,0,Point 1640,
California,-118.4705,34.0782986,0,Point 1641,
California,-118.4673638,34.0733076,0,Point 1642,
California,-118.465858,34.0724482,0,Point 1643,
California,-118.4663553,34.0719209,0,Point 1644,
California,-118.4534533,34.0579092,0,Point 1645,
California,-118.4532957,34.0565316,0,Point 1646,
California,-118.4510051,34.0536055,0,Point 1647,
California,-118.4470695,34.048043,0,Point 1648,
California,-118.4460249,34.0456111,0,Point 1649,
California,-118.4392622,34.038815,0,Point 1650,
California,-118.4295561,34.0255343,0,Point 1651,
California,-118.4167271,34.0107536,0,Point 1652,
California,-118.4171789,34.0099516,0,Point 1653,
California,-118.4124684,34.0052685,0,Point 1654,
California,-118.4084113,33.998908,0,Point 1655,
California,-118.3992396,33.9884611,0,Point 1656,
California,-118.3987947,33.9867522,0,Point 1657,
California,-118.3889926,33.9768587,0,Point 1658,
California,-118.3870288,33.9768283,0,Point 1659,
California,-118.3807129,33.9739479,0,Point 1660,
California,-118.3771886,33.9710635,0,Point 1661,
California,-118.3706155,33.9647941,0,Point 1662,
California,-118.3692131,33.9626086,0,Point 1663,
California,-118.3691699,33.9617758,0,Point 1664,
California,-118.3696984,33.9581955,0,Point 1665,
California,-118.3673719,33.9465087,0,Point 1666,
California,-118.3674176,33.9444848,0,Point 1667,
California,-118.3690811,33.9476053,0,Point 1668,
California,-118.3691366,33.9428388,0,Point 1669,
California,-118.3673128,33.9320791,0,Point 1670,
California,-118.3678951,33.9304711,0,Point 1671,
California,-118.3688987,33.9313567,0,Point 1672,
California,-118.3688267,33.9280524,0,Point 1673,
California,-118.3680409,33.9365595,0,Point 1674,
California,-118.3706893,33.9159394,0,Point 1675,
California,-118.3695123,33.9176316,0,Point 1676,
California,-118.369265,33.9152156,0,Point 1677,
California,-118.3701113,33.9186656,0,Point 1678,
California,-118.371794,33.9156209,0,Point 1679,
California,-118.3700246,33.9038788,0,Point 1680,
California,-118.3699703,33.901036,0,Point 1681,
California,-118.3706956,33.8993052,0,Point 1682,
California,-118.3625175,33.8921924,0,Point 1683,
California,-118.3601189,33.8906454,0,Point 1684,
California,-118.3626162,33.8910624,0,Point 1685,
California,-118.3598401,33.8894874,0,Point 1686,
California,-118.3516992,33.8849353,0,Point 1687,
California,-118.3536128,33.8847481,0,Point 1688,
California,-118.3456166,33.8781125,0,Point 1689,
California,-118.342532,33.8742819,0,Point 1690,
California,-118.3420951,33.8713847,0,Point 1691,
California,-118.3256266,33.864699,0,Point 1692,
California,-118.3278247,33.8646178,0,Point 1693,
California,-118.32294,33.8633041,0,Point 1694,
California,-118.3078361,33.8603154,0,Point 1695,
California,-118.3108301,33.8598161,0,Point 1696,
California,-118.2986182,33.8603533,0,Point 1697,
California,-118.2980738,33.8594731,0,Point 1698,
California,-118.2921876,33.8600445,0,Point 1699,
California,-118.278763,33.8517254,0,Point 1700,
California,-118.2642153,33.8406364,0,Point 1701,
California,-118.2647925,33.8397038,0,Point 1702,
California,-118.2619981,33.8374734,0,Point 1703,
California,-118.2569823,33.833246,0,Point 1704,
California,-118.2552939,33.8302902,0,Point 1705,
California,-118.2433391,33.8261406,0,Point 1706,
California,-118.2402728,33.8261641,0,Point 1707,
California,-118.2399118,33.8255492,0,Point 1708,
California,-118.2266315,33.8261914,0,Point 1709,
California,-118.223816,33.8250196,0,Point 1710,
California,-118.2144107,33.8260376,0,Point 1711,
California,-118.2163902,33.8249673,0,Point 1712,
California,-118.2010401,33.8249614,0,Point 1713,
California,-118.2017748,33.825339,0,Point 1714,
California,-118.1914764,33.8196689,0,Point 1715,
California,-118.1900054,33.8176461,0,Point 1716,
California,-118.1838156,33.8160554,0,Point 1717,
California,-118.186053,33.8149027,0,Point 1718,
California,-118.1839226,33.8145334,0,Point 1719,
California,-118.1758363,33.8146248,0,Point 1720,
California,-118.1765952,33.8140128,0,Point 1721,
California,-118.1683823,33.8143826,0,Point 1722,
California,-118.1667679,33.8144486,0,Point 1723,
California,-118.168633,33.812952,0,Point 1724,
California,-118.1618124,33.8120977,0,Point 1725,
California,-118.1611658,33.8110114,0,Point 1726,
California,-118.1442252,33.8066709,0,Point 1727,
California,-118.1408913,33.8062172,0,Point 1728,
California,-118.1439591,33.8046188,0,Point 1729,
California,-118.1387926,33.8032859,0,Point 1730,
California,-118.1260702,33.8036438,0,Point 1731,
California,-118.1246897,33.803618,0,Point 1732,
California,-118.1275234,33.8020462,0,Point 1733,
California,-118.1229519,33.8023982,0,Point 1734,
California,-118.1164487,33.802783,0,Point 1735,
California,-118.1128982,33.8002803,0,Point 1736,
California,-118.1069378,33.7970717,0,Point 1737,
California,-118.10509,33.794485,0,Point 1738,
California,-118.1006235,33.7918198,0,Point 1739,
California,-118.0730809,33.7749605,0,Point 1740,
California,-118.0736275,33.7738341,0,Point 1741,
California,-118.0384646,33.7749235,0,Point 1742,
California,-118.035339,33.7747037,0,Point 1743,
California,-118.0406937,33.7734163,0,Point 1744,
California,-118.0220985,33.7602623,0,Point 1745,
California,-118.021385,33.757766,0,Point 1746,
California,-118.006166,33.7466156,0,Point 1747,
California,-118.0077464,33.7462365,0,Point 1748,
California,-118.0045981,33.7434614,0,Point 1749,
California,-117.9920923,33.7351644,0,Point 1750,
California,-117.990213,33.7337847,0,Point 1751,
California,-117.9888642,33.7318671,0,Point 1752,
California,-117.9859057,33.7297358,0,Point 1753,
California,-117.9732619,33.7218527,0,Point 1754,
California,-117.9712635,33.7203151,0,Point 1755,
California,-117.9728057,33.7196964,0,Point 1756,
California,-117.9673396,33.7170966,0,Point 1757,
California,-117.9667868,33.7148325,0,Point 1758,
California,-117.9563942,33.7075408,0,Point 1759,
California,-117.9533031,33.7057333,0,Point 1760,
California,-117.9552797,33.7050756,0,Point 1761,
California,-117.9500278,33.7014226,0,Point 1762,
California,-117.9396898,33.6984186,0,Point 1763,
California,-117.9366945,33.6958348,0,"Ellis Ave, I-405 S",
California,-117.9258815,33.692358,0,Point 1765,
California,-117.920395,33.690041,0,Point 1766,
California,-117.9198687,33.6888588,0,Point 1767,
California,-117.9174753,33.6880768,0,Point 1768,
California,-117.9109222,33.6884404,0,Point 1769,
California,-117.8986214,33.6872577,0,Point 1770,
California,-117.8878616,33.6877638,0,Point 1771,
California,-117.8853395,33.6877466,0,Point 1772,
California,-117.8859617,33.6870799,0,Point 1773,
California,-117.8718116,33.6892069,0,Point 1774,
California,-117.8738094,33.6846579,0,Point 1775,
California,-117.855692,33.6827981,0,Point 1776,
California,-117.8568089,33.6805451,0,Point 1777,
California,-117.844936,33.6778042,0,Point 1778,
California,-117.842202,33.6767003,0,Point 1779,
California,-117.8449391,33.6768563,0,Point 1780,
California,-117.8422815,33.675775,0,Point 1781,
California,-117.8244767,33.670404,0,Point 1782,
California,-117.821477,33.6694476,0,Point 1783,
California,-117.8238671,33.6694833,0,Point 1784,
California,-117.8209537,33.6684969,0,Point 1785,
California,-117.796131,33.6639887,0,Point 1786,
California,-117.7931901,33.6636545,0,Point 1787,
California,-117.7965247,33.6632013,0,Point 1788,
California,-117.793281,33.6627847,0,Point 1789,
California,-117.7790231,33.6588466,0,Point 1790,
California,-117.776526,33.6575827,0,Point 1791,
California,-117.7793784,33.657785,0,Point 1792,
California,-117.7488283,33.6490918,0,Point 1793,
California,-117.7459964,33.6481471,0,Point 1794,
California,-117.7473564,33.6477722,0,Point 1795,
California,-117.7445696,33.6469626,0,Point 1796,
California,-118.4876846,34.013507,0,Point 1797,
California,-118.4830567,34.0163225,0,Point 1798,
California,-118.4752059,34.023117,0,Point 1799,
California,-118.4668664,34.0249061,0,Point 1800,
California,-118.4556794,34.0280681,0,Point 1801,
California,-118.4500365,34.0277914,0,Point 1802,
California,-118.4467186,34.028678,0,Point 1803,
California,-118.4160242,34.0323876,0,Point 1804,
California,-118.415172,34.0315518,0,Point 1805,
California,-118.4037376,34.0294697,0,Point 1806,
California,-118.3935631,34.0299577,0,Point 1807,
California,-118.3907832,34.0302245,0,Point 1808,
California,-118.3795938,34.0371741,0,Point 1809,
California,-118.3789857,34.0361672,0,Point 1810,
California,-118.3748955,34.0358143,0,Point 1811,
California,-118.371918,34.0362003,0,Point 1812,
California,-118.3670917,34.0344551,0,Point 1813,
California,-118.35141,34.0347671,0,Point 1814,
California,-118.3489256,34.0347646,0,Point 1815,
California,-118.351367,34.033707,0,Point 1816,
California,-118.348814,34.0337943,0,Point 1817,
California,-118.3355914,34.0353145,0,Point 1818,
California,-118.3318012,34.03487,0,Point 1819,
California,-118.3194022,34.0367391,0,Point 1820,
California,-118.3156928,34.0366075,0,Point 1821,
California,-118.3115545,34.0375684,0,Point 1822,
California,-118.3068688,34.0367649,0,Point 1823,
California,-118.3019195,34.0375194,0,Point 1824,
California,-118.2987293,34.0366644,0,Point 1825,
California,-118.2934603,34.0373826,0,Point 1826,
California,-118.2898578,34.0365303,0,Point 1827,
California,-118.2866644,34.0373827,0,Point 1828,
California,-118.282781,34.0371482,0,Point 1829,
California,-118.2794576,34.0379991,0,Point 1830,
California,-118.2864292,34.037129,0,Point 1831,
California,-118.274924,34.0377741,0,Point 1832,
California,-118.2712001,34.0369686,0,Point 1833,
California,-118.2689131,34.035908,0,Point 1834,
California,-118.2683751,34.0349057,0,Point 1835,
California,-118.2607512,34.0317026,0,Point 1836,
California,-118.2603605,34.0311103,0,Point 1837,
California,-118.2539527,34.0281964,0,Point 1838,
California,-118.2507957,34.0271408,0,Point 1839,
California,-118.2443217,34.0235472,0,Point 1840,
California,-118.2406748,34.0243815,0,Point 1841,
California,-118.2397457,34.0242256,0,Point 1842,
California,-118.2345335,34.0262089,0,Point 1843,
California,-118.2318413,34.0279728,0,Point 1844,
California,-118.2301654,34.0279476,0,Point 1845,
California,-118.1503998,34.0692947,0,Point 1846,
California,-118.1351017,34.0720846,0,Point 1847,
California,-118.1338987,34.0720447,0,Point 1848,
California,-118.1351053,34.0709525,0,Point 1849,
California,-118.1338086,34.0709682,0,Point 1850,
California,-118.1235326,34.0723119,0,Point 1851,
California,-118.1224942,34.0723138,0,Point 1852,
California,-118.1234732,34.0710368,0,Point 1853,
California,-118.122422,34.0710219,0,Point 1854,
California,-118.1086676,34.0724492,0,Point 1855,
California,-118.1076178,34.0724881,0,Point 1856,
California,-118.1086915,34.0712258,0,Point 1857,
California,-118.1075378,34.0713018,0,Point 1858,
California,-118.1012928,34.0723867,0,Point 1859,
California,-118.0989175,34.0725451,0,Point 1860,
California,-118.1000921,34.0713199,0,Point 1861,
California,-118.0988639,34.0713496,0,Point 1862,
California,-118.0913165,34.0727575,0,Point 1863,
California,-118.0901758,34.0726641,0,Point 1864,
California,-118.0912655,34.0714155,0,Point 1865,
California,-118.0901087,34.0713617,0,Point 1866,
California,-118.0825882,34.0726522,0,Point 1867,
California,-118.0825503,34.0714874,0,Point 1868,
California,-118.073603,34.0728903,0,Point 1869,
California,-118.0724241,34.0730399,0,Point 1870,
California,-118.073769,34.0713988,0,Point 1871,
California,-118.0718399,34.0716767,0,Point 1872,
California,-118.0586969,34.0727759,0,Point 1873,
California,-118.0521848,34.0716208,0,Point 1874,
California,-118.044182,34.0693828,0,Point 1875,
California,-118.0401384,34.0682441,0,Point 1876,
California,-118.0300757,34.0684337,0,Point 1877,
California,-118.025697,34.0685487,0,Point 1878,
California,-118.0279014,34.0675896,0,Point 1879,
California,-118.0196238,34.066678,0,Point 1880,
California,-118.0089008,34.0637262,0,Point 1881,
California,-117.9921448,34.0664207,0,Point 1882,
California,-118.4298456,34.0313176,0,Point 1883,
California,-118.4302729,34.0309785,0,Point 1884,
California,-117.9907475,34.0660929,0,Point 1885,
California,-117.981779,34.0679968,0,Point 1886,
California,-117.9800553,34.0681525,0,Point 1887,
California,-117.9803357,34.0674094,0,Point 1888,
California,-117.9716391,34.0692206,0,Point 1889,
California,-117.9601362,34.0707677,0,Point 1890,
California,-117.9601547,34.0699848,0,Point 1891,
California,-117.9447172,34.0724128,0,Point 1892,
California,-117.9432228,34.0714901,0,Point 1893,
California,-117.927333,34.0726703,0,Point 1894,
California,-117.925821,34.0726818,0,Point 1895,
California,-117.9274245,34.0719858,0,Point 1896,
California,-117.9255232,34.071856,0,Point 1897,
California,-117.908989,34.0724259,0,Point 1898,
California,-117.9069456,34.0724798,0,Point 1899,
California,-117.908473,34.0718219,0,Point 1900,
California,-117.9067287,34.0718401,0,Point 1901,
California,-117.8909612,34.0723793,0,Point 1902,
California,-117.8894779,34.0723825,0,Point 1903,
California,-117.8886854,34.0716905,0,Point 1904,
California,-117.8823258,34.0722223,0,Point 1905,
California,-117.8801202,34.0721698,0,Point 1906,
California,-117.8799494,34.0715964,0,Point 1907,
California,-117.8742326,34.0721851,0,Point 1908,
California,-117.8733287,34.0713934,0,Point 1909,
California,-117.8655849,34.071134,0,Point 1910,
California,-117.8631311,34.0700411,0,Point 1911,
California,-117.865612,34.0704729,0,Point 1912,
California,-117.8628783,34.0690499,0,Point 1913,
California,-117.8406725,34.0692467,0,Point 1914,
California,-117.8381564,34.068112,0,Point 1915,
California,-117.8134379,34.0641445,0,Point 1916,
California,-117.7995381,34.0660067,0,Point 1917,
California,-117.789276,34.0728539,0,Point 1918,
California,-117.7863718,34.072591,0,Point 1919,
California,-117.7798319,34.0732994,0,Point 1920,
California,-117.7795948,34.0724773,0,Point 1921,
California,-117.7607989,34.0712763,0,Point 1922,
California,-117.7534669,34.0737203,0,Point 1923,
California,-117.7483378,34.0751686,0,Point 1924,
California,-117.7439249,34.0776156,0,Point 1925,
California,-117.7400491,34.0785639,0,Point 1926,
California,-117.7211614,34.0820156,0,Point 1927,
California,-117.7178762,34.0814806,0,Point 1928,
California,-117.6997263,34.082235,0,Point 1929,
California,-117.6966488,34.0822104,0,Point 1930,
California,-117.6909982,34.0852756,0,Point 1931,
California,-117.6882178,34.0857153,0,Point 1932,
California,-117.6722496,34.0876525,0,Point 1933,
California,-117.6679168,34.0869856,0,Point 1934,
California,-117.6530117,34.087684,0,Point 1935,
California,-117.6495573,34.0879596,0,Point 1936,
California,-117.6490199,34.0870187,0,Point 1937,
California,-117.6239813,34.0784184,0,Point 1938,
California,-117.6224794,34.0767508,0,Point 1939,
California,-117.6116932,34.0714309,0,Point 1940,
California,-117.6093326,34.070952,0,Point 1941,
California,-117.6087952,34.0692129,0,Point 1942,
California,-117.5993926,34.0682324,0,Point 1943,
California,-117.59662,34.0672978,0,Point 1944,
California,-117.591469,34.0671791,0,Point 1945,
California,-117.5776369,34.0679486,0,Point 1946,
California,-117.5746039,34.0681632,0,Point 1947,
California,-117.5770383,34.0669735,0,Point 1948,
California,-117.5742698,34.0670413,0,Point 1949,
California,-117.5611912,34.0678674,0,Point 1950,
California,-117.559309,34.0670376,0,Point 1951,
California,-117.5485615,34.0681155,0,Point 1952,
California,-117.5474535,34.0677436,0,Point 1953,
California,-117.5258631,34.0678542,0,Point 1954,
California,-117.5229844,34.0681881,0,Point 1955,
California,-117.525167,34.0668028,0,Point 1956,
California,-117.5229372,34.0669613,0,Point 1957,
California,-117.5171856,34.0688688,0,Point 1958,
California,-117.4909626,34.0663765,0,Point 1959,
California,-117.4880199,34.0665183,0,Point 1960,
California,-117.4859281,34.0657265,0,Point 1961,
California,-117.4571632,34.067024,0,Point 1962,
California,-117.4534187,34.0672161,0,Point 1963,
California,-117.451289,34.0665433,0,Point 1964,
California,-117.4389065,34.0673833,0,Point 1965,
California,-117.4332939,34.0669628,0,Point 1966,
California,-117.3981217,34.068709,0,Point 1967,
California,-117.3923389,34.0680592,0,Point 1968,
California,-117.3718183,34.0691271,0,Point 1969,
California,-117.3687643,34.068488,0,Point 1970,
California,-117.3543196,34.0693952,0,Point 1971,
California,-117.351248,34.0684266,0,Point 1972,
California,-117.3372795,34.0682585,0,Point 1973,
California,-117.3337762,34.0666158,0,Point 1974,
California,-117.3262549,34.0664989,0,Point 1975,
California,-117.3210693,34.0652642,0,Point 1976,
California,-117.3150904,34.0652856,0,Point 1977,
California,-117.3104834,34.0646301,0,Point 1978,
California,-117.2909695,34.0638687,0,Point 1979,
California,-117.2757541,34.0637366,0,Point 1980,
California,-117.2762035,34.0644192,0,Point 1981,
California,-117.2638356,34.064447,0,Point 1982,
California,-117.2599327,34.0652025,0,Point 1983,
California,-117.2578616,34.0648996,0,Point 1984,
California,-117.2477833,34.0669304,0,Point 1985,
California,-117.2404419,34.0663505,0,Point 1986,
California,-117.2291387,34.0669701,0,Point 1987,
California,-117.2228869,34.0663446,0,Point 1988,
California,-117.2112166,34.067052,0,Point 1989,
California,-117.167735,34.0573573,0,Point 1990,
California,-117.1206198,34.0274926,0,Point 1991,
California,-118.4115198,34.2291814,0,Point 1992,
California,-118.4116662,34.2223232,0,Point 1993,
California,-118.4100385,34.2200221,0,Point 1994,
California,-118.4037195,34.199934,0,Point 1995,
California,-118.4028862,34.1878146,0,Point 1996,
California,-118.4017916,34.185458,0,Point 1997,
California,-118.3951834,34.1786354,0,Point 1998,
California,-118.3884772,34.171426,0,Point 1999,
California,-118.3826631,34.1639784,0,Point 2000,
California,-118.3695531,34.1532393,0,Point 2001,
California,-118.3678181,34.1528478,0,Point 2002,
California,-118.3601035,34.1528938,0,Point 2003,
California,-118.3437865,34.1543456,0,Point 2004,
California,-118.3398326,34.153352,0,Point 2005,
California,-118.3275615,34.1537147,0,Point 2006,
California,-118.3241587,34.1538517,0,Point 2007,
California,-118.3120919,34.1549591,0,Point 2008,
California,-118.3098646,34.1549459,0,Point 2009,
California,-118.2951575,34.1557052,0,Point 2010,
California,-118.274224,34.154492,0,Point 2011,
California,-118.2726694,34.1541285,0,Point 2012,
California,-118.2658007,34.1562905,0,Point 2013,
California,-118.2631331,34.1559688,0,Point 2014,
California,-118.2591843,34.1567134,0,Point 2015,
California,-118.2535104,34.1560872,0,Point 2016,
California,-118.2452951,34.1566461,0,Point 2017,
California,-118.2425537,34.1556982,0,Point 2018,
California,-118.2411246,34.1550675,0,Point 2019,
California,-118.2299471,34.1486523,0,Point 2020,
California,-118.2275165,34.146714,0,Point 2021,
California,-118.1845387,34.1431547,0,Point 2022,
California,-118.1849615,34.1412589,0,Point 2023,
California,-118.19102,34.1384892,0,Point 2024,
California,-118.1722539,34.1430515,0,Point 2025,
California,-118.1692574,34.1436839,0,Point 2026,
California,-118.1638972,34.1463994,0,Point 2027,
California,-118.1578335,34.1481038,0,Point 2028,
California,-118.1525712,34.1514699,0,Point 2029,
California,-118.2329175,34.0751397,0,Point 2030,
California,-118.234833,34.0708087,0,Point 2031,
California,-118.2389353,34.0677114,0,Point 2032,
California,-118.2550541,34.056594,0,Point 2033,
California,-118.2691416,34.0459766,0,Point 2034,
California,-118.2715201,34.0450458,0,Point 2035,
California,-118.2786961,34.0192283,0,Point 2036,
California,-118.2811337,34.016426,0,Point 2037,
California,-118.2805367,34.0100979,0,Point 2038,
California,-118.2815311,34.0094393,0,Point 2039,
California,-118.2806467,34.0049142,0,Point 2040,
California,-118.2814255,34.0022197,0,Point 2041,
California,-118.2804064,33.9980186,0,Point 2042,
California,-118.2799113,33.9882474,0,Point 2043,
California,-118.2812127,33.9878825,0,Point 2044,
California,-118.2801267,33.9839281,0,Point 2045,
California,-118.2811779,33.9808124,0,Point 2046,
California,-118.2803984,33.9761532,0,Point 2047,
California,-118.2812206,33.9694742,0,Point 2048,
California,-118.280353,33.9619589,0,Point 2049,
California,-118.280276,33.9590394,0,Point 2050,
California,-118.2813747,33.9611959,0,Point 2051,
California,-118.2813147,33.9585233,0,Point 2052,
California,-118.2791092,33.9472998,0,Point 2053,
California,-118.2795636,33.935407,0,Point 2054,
California,-118.2794175,33.9365513,0,Point 2055,
California,-118.281702,33.9263297,0,Point 2056,
California,-118.2818441,33.9262891,0,Point 2057,
California,-118.285704,33.9154608,0,Point 2058,
California,-118.2868628,33.9146637,0,Point 2059,
California,-118.2861365,33.9050968,0,Point 2060,
California,-118.2853289,33.9007383,0,Point 2061,
California,-118.2870938,33.90024,0,Point 2062,
California,-118.2852409,33.8921896,0,Point 2063,
California,-118.2860754,33.8906389,0,Point 2064,
California,-118.2843209,33.8626243,0,Point 2065,
California,-118.2849747,33.845373,0,Point 2066,
California,-118.2870567,33.8289734,0,Point 2067,
California,-118.2870503,33.8101303,0,Point 2068,
California,-118.2875571,33.8078182,0,Point 2069,
California,-118.2823644,33.7920241,0,Point 2070,
California,-118.2801176,33.7810081,0,Point 2071,
California,-118.2794757,33.7728759,0,Point 2072,
California,-118.2896518,33.7581905,0,Point 2073,
California,-118.3851964,33.9301474,0,Point 2074,
California,-118.3734705,33.9296255,0,Point 2075,
California,-118.3667287,33.9293106,0,Point 2076,
California,-118.360811,33.9317371,0,Point 2077,
California,-118.3495119,33.9321513,0,Point 2078,
California,-118.3457994,33.9307104,0,Point 2079,
California,-118.3468067,33.9321358,0,Point 2080,
California,-118.3299627,33.9254028,0,Point 2081,
California,-118.3256962,33.9256429,0,Point 2082,
California,-118.3283992,33.9246947,0,Point 2083,
California,-118.3226878,33.9250646,0,Point 2084,
California,-118.29429,33.9291632,0,Point 2085,
California,-118.2883687,33.9292911,0,Point 2086,
California,-118.2794698,33.9281518,0,Point 2087,
California,-118.2775453,33.927905,0,Point 2088,
California,-118.2558865,33.9282577,0,Point 2089,
California,-118.2520307,33.9279968,0,Point 2090,
California,-118.2352292,33.9285094,0,Point 2091,
California,-118.2396438,33.9279495,0,Point 2092,
California,-118.2122012,33.9264108,0,Point 2093,
California,-118.2090822,33.9253619,0,Point 2094,
California,-118.2076432,33.9234977,0,Point 2095,
California,-118.206552,33.9228316,0,Point 2096,
California,-118.1866095,33.9154467,0,Point 2097,
California,-118.1843651,33.9145873,0,Point 2098,
California,-118.1744628,33.9109384,0,Point 2099,
California,-118.1743716,33.9107943,0,Point 2100,
California,-118.1727949,33.9116667,0,Point 2101,
California,-118.1565948,33.9118153,0,Point 2102,
California,-118.1434431,33.9134637,0,Point 2103,
California,-118.1417916,33.9126686,0,Point 2104,
California,-118.1387523,33.9125962,0,Point 2105,
California,-118.1284688,33.9134842,0,Point 2106,
California,-118.1218477,33.9130488,0,Point 2107,
California,-118.1051226,33.9141577,0,Point 2108,
California,-118.1703799,34.0393628,0,Point 2109,
California,-118.1711209,34.034607,0,Point 2110,
California,-118.169955,34.0326994,0,Point 2111,
California,-118.173667,34.018596,0,Point 2112,
California,-118.1731468,34.0203298,0,Point 2113,
California,-118.1722158,34.0058684,0,Point 2114,
California,-118.1731523,34.005703,0,Point 2115,
California,-118.1770211,33.9979725,0,Point 2116,
California,-118.1772411,33.9949758,0,Point 2117,
California,-118.1672011,33.969887,0,Point 2118,
California,-118.1672665,33.9670092,0,Point 2119,
California,-118.1683777,33.9693966,0,Point 2120,
California,-118.1687705,33.9665674,0,Point 2121,
California,-118.1697981,33.9509645,0,Point 2122,
California,-118.170071,33.9490382,0,Point 2123,
California,-118.170772,33.9503536,0,Point 2124,
California,-118.1709501,33.9479795,0,Point 2125,
California,-118.1778394,33.9319861,0,Point 2126,
California,-118.178487,33.9301355,0,Point 2127,
California,-118.1790994,33.9315441,0,Point 2128,
California,-118.1794444,33.9297571,0,Point 2129,
California,-118.1783902,33.9187593,0,Point 2130,
California,-118.1829298,33.9070473,0,Point 2131,
California,-118.1821027,33.9064614,0,Point 2132,
California,-118.1819833,33.9063997,0,Point 2133,
California,-118.1858411,33.9038639,0,Point 2134,
California,-118.1872364,33.9005892,0,Point 2135,
California,-118.1882014,33.8906019,0,Point 2136,
California,-118.1901397,33.8879099,0,Point 2137,
California,-118.190799,33.8777312,0,Point 2138,
California,-118.1943231,33.8728326,0,Point 2139,
California,-118.1983827,33.8632927,0,Point 2140,
California,-118.2006536,33.8620471,0,Point 2141,
California,-118.2048185,33.8490734,0,Point 2142,
California,-118.2050435,33.8453613,0,Point 2143,
California,-118.2062655,33.848349,0,Point 2144,
California,-118.2065317,33.8480121,0,Point 2145,
California,-117.9759875,34.1162484,0,Point 2146,
California,-117.9773392,34.114141,0,Point 2147,
California,-117.9821046,34.1080109,0,Point 2148,
California,-117.9894243,34.0931726,0,Point 2149,
California,-117.9934813,34.0904842,0,Point 2150,
California,-117.9976029,34.0790114,0,Point 2151,
California,-117.9988083,34.0762818,0,Point 2152,
California,-118.0035829,34.0545423,0,Point 2153,
California,-118.0056726,34.0537474,0,Point 2154,
California,-118.0043246,34.0533779,0,Point 2155,
California,-118.0053649,34.0532311,0,Point 2156,
California,-118.0359833,34.0277425,0,Point 2157,
California,-118.0356987,34.0288934,0,Point 2158,
California,-118.0388565,34.0270373,0,Point 2159,
California,-118.0509335,34.0185984,0,Point 2160,
California,-118.054162,34.0173134,0,Point 2161,
California,-118.0617293,34.0056634,0,Point 2162,
California,-118.0636693,34.005168,0,Point 2163,
California,-118.0653209,34.0039875,0,Point 2164,
California,-118.0686254,33.9944602,0,Point 2165,
California,-118.0691319,33.9922418,0,Point 2166,
California,-118.0693712,33.9946149,0,Point 2167,
California,-118.0699189,33.9922702,0,Point 2168,
California,-118.0764206,33.979759,0,Point 2169,
California,-118.0802699,33.9723949,0,Point 2170,
California,-118.0802829,33.9750568,0,Point 2171,
California,-118.0808836,33.973186,0,Point 2172,
California,-118.0841327,33.9667837,0,Point 2173,
California,-118.0907991,33.950946,0,Point 2174,
California,-118.0922542,33.950938,0,Point 2175,
California,-118.0987788,33.9365791,0,Point 2176,
California,-118.0995511,33.9363199,0,Point 2177,
California,-118.1031865,33.9256318,0,Point 2178,
California,-118.1042583,33.9160553,0,Point 2179,
California,-118.1051283,33.9175499,0,Point 2180,
California,-118.1049197,33.9036753,0,Point 2181,
California,-118.1046831,33.9012759,0,Point 2182,
California,-118.1056349,33.9026938,0,Point 2183,
California,-118.1054433,33.899829,0,Point 2184,
California,-118.1041275,33.8889704,0,Point 2185,
California,-118.1040218,33.8868544,0,Point 2186,
California,-118.1048476,33.8882856,0,Point 2187,
California,-118.1047176,33.8862333,0,Point 2188,
California,-118.0960421,33.8594404,0,Point 2189,
California,-118.0954116,33.8574821,0,Point 2190,
California,-118.0968187,33.8592076,0,Point 2191,
California,-118.0963204,33.8572931,0,Point 2192,
California,-118.0924912,33.8468084,0,Point 2193,
California,-118.0914203,33.8450515,0,Point 2194,
California,-118.0934835,33.8468288,0,Point 2195,
California,-118.0922682,33.8449464,0,Point 2196,
California,-118.0845092,33.832921,0,Point 2197,
California,-118.0826614,33.8304686,0,Point 2198,
California,-118.0851401,33.832323,0,Point 2199,
California,-118.0837832,33.8299303,0,Point 2200,
California,-118.0810007,33.8095747,0,Point 2201,
California,-118.0803796,33.8043343,0,Point 2202,
California,-118.0822694,33.8040011,0,Point 2203,
California,-118.0836599,33.8012712,0,Point 2204,
California,-118.478909,34.3232122,0,Point 2205,
California,-118.4768066,34.3228419,0,Point 2206,
California,-118.4625208,34.3241172,0,Point 2207,
California,-118.4578088,34.3231677,0,Point 2208,
California,-118.4407287,34.3175077,0,Point 2209,
California,-118.438888,34.3152705,0,Point 2210,
California,-118.430284,34.3094836,0,Point 2211,
California,-118.4285469,34.3070653,0,Point 2212,
California,-118.4200393,34.3003497,0,Point 2213,
California,-118.4190709,34.2984534,0,Point 2214,
California,-118.4075695,34.2884987,0,Point 2216,
California,-118.4052414,34.2855122,0,Point 2217,
California,-118.411733,34.2924052,0,Point 2218,
California,-118.4028729,34.2833015,0,Point 2219,
California,-118.3815949,34.2754732,0,Point 2220,
California,-118.3787962,34.2742923,0,Point 2221,
California,-118.3546592,34.2727339,0,Point 2222,
California,-118.3512977,34.2716459,0,Point 2223,
California,-118.330781,34.2612187,0,Point 2224,
California,-118.328813,34.2590831,0,Point 2225,
California,-118.3309775,34.2604842,0,Point 2226,
California,-118.3283663,34.2576059,0,Point 2227,
California,-118.2929381,34.2352438,0,Point 2228,
California,-118.2895858,34.2350482,0,Point 2229,
California,-118.2877421,34.2342641,0,Point 2230,
California,-118.2710143,34.2325517,0,Point 2231,
California,-118.2625099,34.23008,0,Point 2232,
California,-118.2501999,34.2244886,0,Point 2232,
California,-118.2468031,34.221694,0,Point 2233,
California,-118.2389036,34.2177848,0,Point 2234,
California,-118.2304799,34.2135048,0,Point 2235,
California,-118.2260653,34.2103855,0,Point 2236,
California,-118.2251098,34.2109681,0,Point 2237,
California,-118.2142349,34.2067228,0,Point 2238,
California,-118.2025991,34.2072642,0,Point 2239,
California,-118.1990379,34.2066527,0,Point 2240,
California,-118.2011456,34.2065154,0,Point 2241,
California,-118.1981878,34.205687,0,Point 2242,
California,-118.1908302,34.2029858,0,Point 2243,
California,-118.1851902,34.196716,0,Point 2244,
California,-118.1808123,34.1910477,0,Point 2245,
California,-118.1810653,34.1892495,0,Point 2246,
California,-118.1718034,34.182799,0,Point 2247,
California,-118.1678709,34.1799993,0,Point 2248,
California,-118.1616149,34.1762281,0,Point 2249,
California,-118.1605149,34.1746072,0,Point 2250,
California,-118.157927,34.1645295,0,Point 2251,
California,-118.1589753,34.1603747,0,Point 2252,
California,-118.1555828,34.15115,0,Point 2253,
California,-118.1558877,34.1526074,0,Point 2254,
California,-118.1432586,34.1514621,0,Point 2255,
California,-118.1350873,34.1521688,0,Point 2256,
California,-118.130067,34.1514586,0,Point 2257,
California,-118.1231573,34.1525855,0,Point 2258,
California,-118.118494,34.1520067,0,Point 2259,
California,-118.1097468,34.1521426,0,Point 2260,
California,-118.1017196,34.1528926,0,Point 2261,
California,-118.097654,34.1529116,0,Point 2262,
California,-118.0917876,34.1515354,0,Point 2263,
California,-118.0837709,34.1482151,0,Point 2264,
California,-118.0799059,34.1474451,0,Point 2265,
California,-118.0744319,34.1485909,0,Point 2266,
California,-118.0706879,34.1491723,0,Point 2267,
California,-118.0709663,34.1481405,0,Point 2268,
California,-118.0669584,34.1483833,0,Point 2269,
California,-118.0670347,34.1492593,0,Point 2270,
California,-118.0539303,34.1492453,0,Point 2271,
California,-118.0491326,34.1495874,0,Point 2272,
California,-118.049,34.1485049,0,Point 2273,
California,-118.0335286,34.1484373,0,Point 2274,
California,-118.0302277,34.1477896,0,Point 2275,
California,-118.0302091,34.146978,0,Point 2276,
California,-118.0173285,34.141754,0,Point 2277,
California,-118.0178599,34.1410177,0,Point 2278,
California,-118.0161037,34.1392398,0,Point 2279,
California,-118.0027686,34.1357787,0,Point 2280,
California,-117.9975139,34.1352048,0,Point 2281,
California,-117.9891091,34.1357306,0,Point 2282,
California,-117.9792702,34.1357246,0,Point 2283,
California,-117.9790359,34.1350899,0,Point 2284,
California,-117.9763676,34.1349888,0,Point 2285,
California,-117.9631158,34.1357886,0,Point 2286,
California,-117.9602622,34.1353156,0,Point 2287,
California,-117.9592424,34.1342611,0,Point 2288,
California,-117.9543258,34.1331647,0,Point 2289,
California,-117.93569,34.1296279,0,Point 2290,
California,-117.9327112,34.1303411,0,Point 2291,
California,-117.931389,34.1300797,0,Point 2292,
California,-117.917493,34.1277406,0,Point 2293,
California,-117.914687,34.1244698,0,Point 2294,
California,-117.909776,34.1213134,0,Point 2295,
California,-117.906775,34.1209638,0,Point 2296,
California,-117.9086404,34.1201615,0,Point 2297,
California,-117.9061557,34.12021,0,Point 2298,
California,-117.8948413,34.1212644,0,Point 2299,
California,-117.891216,34.1204761,0,Point 2300,
California,-117.8882455,34.1205958,0,Point 2301,
California,-117.8746296,34.1210309,0,Point 2302,
California,-117.8711304,34.1208273,0,Point 2303,
California,-117.870401,34.1201036,0,Point 2304,
California,-117.8476296,34.1179053,0,Point 2305,
California,-117.8437115,34.1173869,0,Point 2306,
California,-117.8337085,34.1212825,0,Point 2307,
California,-117.8302983,34.1213795,0,Point 2308,
California,-117.8274377,34.1205208,0,Point 2309,
California,-117.8209895,34.119957,0,Point 2310,
California,-117.8093263,34.1200988,0,Point 2311,
California,-117.8048182,34.1194708,0,Point 2312,
California,-117.7895539,34.1201976,0,Point 2313,
California,-117.7864453,34.1204671,0,Point 2314,
California,-117.7810883,34.119578,0,Point 2315,
California,-117.7645531,34.1200044,0,Point 2316,
California,-117.7595701,34.1192937,0,Point 2317,
California,-117.7377092,34.1207713,0,Point 2318,
California,-117.7345057,34.1200183,0,Point 2319,
California,-117.6949264,34.1230461,0,Point 2320,
California,-117.6960484,34.1212459,0,Point 2321,
California,-117.6723476,34.1350404,0,Point 2322,
California,-117.6688779,34.1342339,0,Point 2323,
California,-117.6379696,34.1352032,0,Point 2324,
California,-117.6330641,34.1344426,0,Point 2325,
California,-117.6186708,34.1353054,0,Point 2326,
California,-117.614606,34.1345638,0,Point 2327,
California,-117.5965459,34.135427,0,Point 2328,
California,-117.591691,34.1347616,0,Point 2329,
California,-117.5782405,34.1363272,0,Point 2330,
California,-117.5733203,34.1358348,0,Point 2331,
California,-117.560728,34.1370157,0,Point 2332,
California,-117.5563673,34.1361456,0,Point 2333,
California,-117.5401976,34.1369617,0,Point 2334,
California,-117.5344052,34.1360846,0,Point 2335,
California,-117.4910154,34.136706,0,Point 2336,
California,-117.4856339,34.1360555,0,Point 2337,
California,-117.4570602,34.1368908,0,Point 2338,
California,-117.4508108,34.1359866,0,Point 2339,
California,-117.4382595,34.136704,0,Point 2340,
California,-117.434985,34.1367255,0,Point 2341,
California,-117.4371479,34.1359756,0,Point 2342,
California,-117.43402,34.1359753,0,Point 2343,
California,-117.4211298,34.1368759,0,Point 2344,
California,-117.4154602,34.1359688,0,Point 2345,
California,-117.3945969,34.1363414,0,Point 2346,
California,-117.3891297,34.1353484,0,Point 2347,
California,-117.3730258,34.1362003,0,Point 2348,
California,-117.3675662,34.1356718,0,Point 2349,
California,-117.3557945,34.1352559,0,Point 2350,
California,-117.350655,34.1339699,0,Point 2351,
California,-117.3371955,34.1350013,0,Point 2352,
California,-117.3366817,34.1338632,0,Point 2353,
California,-117.324091,34.1411686,0,Point 2354,
California,-117.425808,34.2380862,0,Point 2355,
California,-117.4221868,34.2335771,0,Point 2356,
California,-117.4065775,34.224133,0,Point 2358,
California,-117.4109487,34.2239667,0,Point 2359,
California,-117.413853,34.2048618,0,Point 2359,
California,-117.4170055,34.2006082,0,Point 2360,
California,-117.4353285,34.1822783,0,Point 2361,
California,-117.4385745,34.1805822,0,Point 2362,
California,-117.4584962,34.1669084,0,Point 2363,
California,-117.4642384,34.1632397,0,Point 2364,
California,-117.4785166,34.1514666,0,Point 2365,
California,-117.5005688,34.1367356,0,Point 2366,
California,-117.4937108,34.1367299,0,Point 2367,
California,-117.4838243,34.1358063,0,Point 2368,
California,-117.5107556,34.123594,0,Point 2369,
California,-117.5154077,34.1209095,0,Point 2370,
California,-117.5174437,34.119053,0,Point 2371,
California,-117.5294354,34.1081128,0,Point 2372,
California,-117.5321252,34.1069365,0,Point 2373,
California,-117.5348011,34.1045644,0,Point 2374,
California,-117.5443908,34.0807209,0,Point 2375,
California,-117.5452716,34.0783823,0,Point 2376,
California,-117.5485746,34.050773,0,Point 2377,
California,-117.5506746,34.0447185,0,Point 2378,
California,-117.5498879,34.0019002,0,Point 2379,
California,-117.5507713,34.0026346,0,Point 2380,
California,-117.5507693,33.9991028,0,Point 2381,
California,-117.547966,33.9766261,0,Point 2382,
California,-117.5482601,33.9742786,0,Point 2383,
California,-117.5494856,33.9761501,0,Point 2384,
California,-117.5497696,33.9737162,0,Point 2385,
California,-117.5553677,33.9397863,0,Point 2386,
California,-117.556432,33.9353808,0,Point 2387,
California,-117.5576894,33.9119957,0,Point 2388,
California,-117.5596564,33.9075039,0,Point 2389,
California,-117.5597595,33.900825,0,Point 2390,
California,-117.5595601,33.8965474,0,Point 2391,
California,-117.5429227,33.8674711,0,Point 2392,
California,-117.5412211,33.8653883,0,Point 2393,
California,-117.5403616,33.8635104,0,Point 2394,
California,-117.5341772,33.8467541,0,Point 2395,
California,-117.5351402,33.8418275,0,Point 2396,
California,-117.5305776,33.8340937,0,Point 2397,
California,-117.529228,33.830454,0,Point 2398,
California,-117.5208633,33.8236559,0,Point 2399,
California,-117.5167587,33.82035,0,Point 2400,
California,-117.5203871,33.8223029,0,Point 2401,
California,-117.5077626,33.8086026,0,Point 2402,
California,-117.5071819,33.8056803,0,Point 2403,
California,-117.4884053,33.7793817,0,Point 2404,
California,-117.4863615,33.7744599,0,Point 2405,
California,-117.4531404,33.7500342,0,Point 2406,
California,-117.4505459,33.7471105,0,Point 2407,
California,-117.4005571,34.2208448,0,Point 2408,
California,-117.3169662,34.1422407,0,Point 2409,
California,-117.3170661,34.1399248,0,Point 2410,
California,-117.3156691,34.1378555,0,Point 2411,
California,-117.3027978,34.1283408,0,Point 2412,
California,-117.3024613,34.128182,0,Point 2413,
California,-117.3029675,34.119337,0,Point 2414,
California,-117.3021634,34.1096937,0,Point 2415,
California,-117.302671,34.1055392,0,Point 2416,
California,-117.302033,34.1067515,0,Point 2417,
California,-117.3023571,34.1017348,0,Point 2418,
California,-117.3014886,34.09422,0,Point 2419,
California,-117.3015247,34.0893966,0,Point 2420,
California,-117.2990567,34.081515,0,Point 2421,
California,-117.2988863,34.0825103,0,Point 2422,
California,-117.2971767,34.0785177,0,Point 2423,
California,-117.2959958,34.0759085,0,Point 2424,
California,-117.3045781,34.0492893,0,Point 2425,
California,-117.3079697,34.0469006,0,Point 2426,
California,-117.3093131,34.0467139,0,Point 2427,
California,-117.3232774,34.0349365,0,Point 2428,
California,-117.3252556,34.0340268,0,Point 2429,
California,-117.3343803,34.0244953,0,Point 2430,
California,-117.3386351,34.0207804,0,Point 2431,
California,-117.3436035,34.0142093,0,Point 2432,
California,-117.3512637,34.0018997,0,Point 2433,
California,-117.3518091,34.0019152,0,Point 2434,
California,-117.3432653,33.9839417,0,Point 2435,
California,-117.3421941,33.9819217,0,Point 2436,
California,-117.3359248,33.9767963,0,Point 2437,
California,-117.3343653,33.974278,0,Point 2438,
California,-117.329508,33.9703539,0,Point 2439,
California,-117.327382,33.9660382,0,Point 2440,
California,-117.311955,33.9606929,0,Point 2441,
California,-117.3088013,33.9579068,0,Point 2442,
California,-117.3024986,33.9501982,0,Point 2443,
California,-117.2997389,33.9465759,0,Point 2444,
California,-117.2893106,33.9337015,0,Point 2445,
California,-118.245097,34.1130755,0,Point 2446,
California,-118.2284545,34.1413013,0,Point 2447,
California,-118.2295048,34.1225406,0,Point 2448,
California,-118.2259336,34.1494406,0,Point 2449,
California,-118.2256328,34.1634917,0,Point 2450,
California,-118.2197007,34.2041257,0,Point 2451,
California,-118.1992892,34.0298079,0,Point 2452,
California,-118.1984802,34.0294648,0,Point 2453,
California,-118.1904823,34.0314072,0,Point 2454,
California,-118.182611,34.032799,0,Point 2455,
California,-118.1832241,34.0319652,0,Point 2456,
California,-118.1515648,34.0361512,0,Point 2457,
California,-118.1485492,34.034905,0,Point 2458,
California,-118.1517842,34.0354654,0,Point 2459,
California,-118.1489168,34.0342931,0,Point 2460,
California,-118.1414147,34.0332814,0,Point 2461,
California,-118.0951189,34.0359907,0,Point 2462,
California,-118.0920263,34.0367944,0,Point 2463,
California,-118.0934598,34.0354219,0,Point 2464,
California,-118.0909796,34.0362056,0,Point 2465,
California,-118.0799403,34.0404187,0,Point 2466,
California,-118.0815535,34.0388435,0,Point 2467,
California,-118.0656472,34.0416119,0,Point 2468,
California,-118.0630395,34.0419603,0,Point 2469,
California,-118.0654886,34.0407922,0,Point 2470,
California,-118.0628287,34.0410006,0,Point 2471,
California,-118.0526783,34.0402546,0,Point 2472,
California,-118.0493713,34.0397298,0,Point 2473,
California,-118.0540957,34.039623,0,Point 2474,
California,-118.0521692,34.039294,0,Point 2475,
California,-118.0397338,34.037957,0,Point 2476,
California,-118.0371121,34.037771,0,Point 2477,
California,-118.0393103,34.0371524,0,Point 2478,
California,-118.0085684,34.029446,0,Point 2479,
California,-118.0117963,34.0286927,0,Point 2480,
California,-117.9895636,34.0213579,0,Point 2481,
California,-117.986606,34.0170012,0,Point 2482,
California,-117.9661533,34.0077484,0,Point 2483,
California,-117.9632438,34.0069875,0,Point 2484,
California,-117.9654855,34.0068207,0,Point 2485,
California,-117.9621231,34.0058996,0,Point 2486,
California,-117.933403,33.9977418,0,Point 2487,
California,-117.9301311,33.9972198,0,Point 2488,
California,-117.9322529,33.9966841,0,Point 2489,
California,-117.928831,33.99638,0,Point 2490,
California,-117.9071975,33.9944596,0,Point 2491,
California,-117.9040868,33.9945569,0,Point 2492,
California,-117.9063811,33.9935837,0,Point 2493,
California,-117.9031821,33.9939035,0,Point 2494,
California,-117.8894176,33.9945634,0,Point 2495,
California,-117.887452,33.9947747,0,Point 2496,
California,-117.8898527,33.9935344,0,Point 2497,
California,-117.8876572,33.9937994,0,Point 2498,
California,-117.8728439,33.9962061,0,Point 2499,
California,-117.8711584,33.9956533,0,Point 2500,
California,-117.867575,33.996394,0,Point 2501,
California,-117.8566199,33.9988394,0,Point 2502,
California,-117.8532239,33.9987664,0,Point 2503,
California,-117.8475318,34.0003726,0,Point 2504,
California,-117.8457068,34.0007955,0,Point 2505,
California,-117.8248069,34.0094644,0,Point 2506,
California,-117.8221681,34.0118791,0,Point 2507,
California,-117.8223679,34.0105436,0,Point 2508,
California,-117.8102606,34.0244613,0,Point 2509,
California,-117.8103288,34.0236883,0,Point 2510,
California,-117.7724873,34.0246756,0,Point 2511,
California,-117.770413,34.0241261,0,Point 2512,
California,-117.7717671,34.0237098,0,Point 2513,
California,-117.7660743,34.0234141,0,Point 2514,
California,-117.7501375,34.0236848,0,Point 2515,
California,-117.7464597,34.0231685,0,Point 2516,
California,-117.7329931,34.025306,0,Point 2517,
California,-117.7296939,34.0247748,0,Point 2518,
California,-117.7096765,34.0304643,0,Point 2519,
California,-117.7048508,34.0298534,0,Point 2520,
California,-117.6926995,34.0305645,0,Point 2521,
California,-117.6861088,34.0299456,0,Point 2522,
California,-117.670819,34.0306584,0,Point 2523,
California,-117.6646221,34.0300839,0,Point 2524,
California,-117.6540269,34.030712,0,Point 2525,
California,-117.6474271,34.0301277,0,Point 2526,
California,-117.6313372,34.0307959,0,Point 2527,
California,-117.625554,34.0301952,0,Point 2528,
California,-117.6140617,34.0308452,0,Point 2529,
California,-117.6078104,34.0302458,0,Point 2530,
California,-117.5950957,34.0310446,0,Point 2531,
California,-117.5914005,34.0301523,0,Point 2532,
California,-117.578867,34.0301156,0,Point 2533,
California,-117.5733789,34.0279803,0,Point 2534,
California,-117.5616001,34.0253163,0,Point 2535,
California,-117.5543447,34.0225741,0,Point 2536,
California,-117.5320862,34.0182527,0,Point 2537,
California,-117.5209156,34.0180285,0,Point 2538,
California,-117.5093072,34.0190585,0,Point 2539,
California,-117.5042409,34.0185968,0,Point 2540,
California,-117.4830506,34.0197861,0,Point 2541,
California,-117.478166,34.01845,0,Point 2542,
California,-117.465294,34.0170429,0,Point 2543,
California,-117.4595572,34.0153778,0,Point 2544,
California,-117.4424932,34.0130214,0,Point 2545,
California,-117.4352984,34.0124833,0,Point 2546,
California,-117.4325288,34.0111943,0,Point 2547,
California,-117.4026552,34.0046182,0,Point 2548,
California,-117.396363,34.004688,0,Point 2549,
California,-117.3775475,34.0020141,0,Point 2550,
California,-117.3724726,33.9993643,0,Point 2551,
California,-117.3664909,33.9973813,0,Point 2552,
California,-117.3637382,33.9957762,0,Point 2553,
California,-118.2758977,33.8730584,0,Point 2554,
California,-118.2706574,33.8722235,0,Point 2555,
California,-118.2646697,33.8742471,0,Point 2556,
California,-118.2591303,33.8733144,0,Point 2557,
California,-118.2519562,33.8738952,0,Point 2558,
California,-118.2456544,33.8731661,0,Point 2559,
California,-118.2391053,33.8738959,0,Point 2560,
California,-118.2331817,33.8735182,0,Point 2561,
California,-118.2279195,33.8742153,0,Point 2562,
California,-118.2169933,33.8722114,0,Point 2563,
California,-118.2121738,33.8732357,0,Point 2564,
California,-118.2046197,33.8732198,0,Point 2565,
California,-118.2037782,33.8718565,0,Point 2566,
California,-118.1913523,33.8765204,0,Point 2567,
California,-118.1849974,33.8765289,0,Point 2568,
California,-118.1703549,33.8766412,0,Point 2569,
California,-118.1669,33.8757141,0,Point 2570,
California,-118.1618351,33.8763175,0,Point 2571,
California,-118.1585781,33.876057,0,Point 2572,
California,-118.1529459,33.8773374,0,Point 2573,
California,-118.1498948,33.8767623,0,Point 2574,
California,-118.1439856,33.8774697,0,Point 2575,
California,-118.1418965,33.8778971,0,Point 2576,
California,-118.1433563,33.8763769,0,Point 2577,
California,-118.1394858,33.8768361,0,Point 2578,
California,-118.1324287,33.8764346,0,Point 2579,
California,-118.1268143,33.8764922,0,Point 2580,
California,-118.1229634,33.8759099,0,Point 2581,
California,-118.0973973,33.8760788,0,Point 2582,
California,-118.0848252,33.8767749,0,Point 2583,
California,-118.0812152,33.8773191,0,Point 2584,
California,-118.0834563,33.8756351,0,Point 2585,
California,-118.0806136,33.8761426,0,Point 2586,
California,-118.0743775,33.8768258,0,Point 2587,
California,-118.0716368,33.877434,0,Point 2588,
California,-118.0736661,33.8755761,0,Point 2589,
California,-118.0710566,33.8761872,0,Point 2590,
California,-118.0647404,33.8767464,0,Point 2591,
California,-118.059816,33.8735439,0,Point 2592,
California,-118.0562068,33.8698224,0,Point 2593,
California,-118.0498715,33.8669584,0,Point 2594,
California,-118.0344825,33.8593485,0,Point 2595,
California,-118.0327335,33.8578936,0,Point 2596,
California,-118.0268191,33.8559479,0,Point 2597,
California,-118.0132356,33.8562465,0,Point 2598,
California,-118.0102806,33.8563353,0,Point 2599,
California,-118.0122274,33.8552051,0,Point 2600,
California,-118.0091113,33.8557108,0,Point 2601,
California,-118.0002425,33.8563448,0,Point 2602,
California,-117.997321,33.8570032,0,Point 2603,
California,-117.9988124,33.8551595,0,Point 2604,
California,-117.9964003,33.8557789,0,Point 2605,
California,-117.9779944,33.8581458,0,Point 2606,
California,-117.9729888,33.8559438,0,Point 2607,
California,-117.9608685,33.854219,0,Point 2608,
California,-117.9576735,33.8535871,0,Point 2609,
California,-117.9437394,33.854491,0,Point 2610,
California,-117.9399033,33.8537587,0,Point 2611,
California,-117.9267802,33.8541108,0,Point 2612,
California,-117.9172052,33.8537792,0,Point 2613,
California,-117.9085459,33.8541633,0,Point 2614,
California,-117.9052265,33.8535652,0,Point 2615,
California,-117.8911332,33.854521,0,Point 2616,
California,-117.8875607,33.8538092,0,Point 2617,
California,-117.8575038,33.8477569,0,Point 2618,
California,-117.8547579,33.8485348,0,Point 2619,
California,-117.8562345,33.8472678,0,Point 2620,
California,-117.8527603,33.8482181,0,Point 2621,
California,-117.839109,33.8517206,0,Point 2622,
California,-117.8391809,33.8507115,0,Point 2623,
California,-117.8159768,33.8500313,0,Point 2624,
California,-117.8139729,33.8518305,0,Point 2625,
California,-117.8147539,33.8499086,0,Point 2626,
California,-117.8127231,33.8517055,0,Point 2627,
California,-117.7925742,33.8546343,0,Point 2628,
California,-117.7894814,33.855058,0,Point 2629,
California,-117.7915168,33.8538071,0,Point 2630,
California,-117.7889781,33.8543826,0,Point 2631,
California,-117.7476005,33.8704485,0,Point 2632,
California,-117.7439621,33.8712047,0,Point 2633,
California,-117.7453381,33.8697844,0,Point 2634,
California,-117.7417893,33.8704337,0,Point 2635,
California,-117.7138956,33.8667502,0,Point 2636,
California,-117.7122068,33.8661361,0,Point 2637,
California,-117.70935,33.8674234,0,Point 2638,
California,-117.6595048,33.8777559,0,Point 2639,
California,-117.6557929,33.8791606,0,Point 2640,
California,-117.6432588,33.8832458,0,Point 2641,
California,-117.6343576,33.8841763,0,Point 2642,
California,-117.6155536,33.8814854,0,Point 2643,
California,-117.6084604,33.8797584,0,Point 2644,
California,-117.6108374,33.8807788,0,Point 2645,
California,-117.6006065,33.8802204,0,Point 2646,
California,-117.5847296,33.8825366,0,Point 2647,
California,-117.5792293,33.8810459,0,Point 2648,
California,-117.5679314,33.8808241,0,Point 2649,
California,-117.5594671,33.8789332,0,Point 2650,
California,-117.5199646,33.8857163,0,Point 2651,
California,-117.5181254,33.8858696,0,Point 2652,
California,-117.5156557,33.8870112,0,Point 2653,
California,-117.4960612,33.8968609,0,Point 2654,
California,-117.4893184,33.8976003,0,Point 2655,
California,-117.4856229,33.8965914,0,Point 2656,
California,-117.4747527,33.8999406,0,Point 2657,
California,-117.471371,33.9002684,0,Point 2658,
California,-117.4583482,33.9057827,0,Point 2659,
California,-117.4547333,33.9072953,0,Point 2660,
California,-117.4437646,33.9140912,0,Point 2661,
California,-117.4423963,33.9142437,0,Point 2662,
California,-117.4405691,33.9152364,0,Point 2663,
California,-117.4209903,33.9270046,0,Point 2664,
California,-117.4182727,33.9279756,0,Point 2665,
California,-117.4062599,33.9353838,0,Point 2666,
California,-117.4033209,33.936409,0,Point 2667,
California,-117.3906935,33.9453176,0,Point 2668,
California,-117.3898042,33.9451667,0,Point 2669,
California,-117.3872607,33.9470301,0,Point 2670,
California,-117.3850038,33.9526235,0,Point 2671,
California,-117.3822212,33.9545547,0,Point 2672,
California,-117.3747726,33.9720236,0,Point 2673,
California,-117.3717105,33.9757824,0,Point 2674,
California,-117.372081,33.9770369,0,Point 2675,
California,-117.3673574,33.9819144,0,Point 2676,
California,-117.3601107,33.9901775,0,Point 2677,
California,-117.8247216,34.1161317,0,Point 2678,
California,-117.8205049,34.1054679,0,Point 2679,
California,-117.8228853,34.1079478,0,Point 2680,
California,-117.8216918,34.1058459,0,Point 2681,
California,-117.8190122,34.098401,0,Point 2682,
California,-117.819835,34.0971741,0,Point 2683,
California,-117.8143702,34.0790507,0,Point 2684,
California,-117.8152031,34.078629,0,Point 2685,
California,-117.8045905,34.0618528,0,Point 2686,
California,-117.8002547,34.0453825,0,Point 2687,
California,-117.8008004,34.0426163,0,Point 2688,
California,-117.8013173,34.045619,0,Point 2689,
California,-117.8021776,34.0414891,0,Point 2690,
California,-117.8092926,34.031819,0,Point 2691,
California,-117.8113378,34.0298802,0,Point 2692,
California,-117.8423287,33.9863189,0,Point 2693,
California,-117.8429433,33.9831134,0,Point 2694,
California,-117.8471002,33.970285,0,Point 2695,
California,-117.8501199,33.9678477,0,Point 2696,
California,-117.8565035,33.9596322,0,Point 2697,
California,-117.8797573,33.9276194,0,Point 2698,
California,-117.8797829,33.9256271,0,Point 2699,
California,-117.8806817,33.9238256,0,Point 2700,
California,-117.882931,33.9126313,0,Point 2701,
California,-117.8829675,33.9099005,0,Point 2702,
California,-117.8842187,33.9118434,0,Point 2703,
California,-117.8837156,33.9094706,0,Point 2704,
California,-117.880245,33.8906342,0,Point 2705,
California,-117.880102,33.8880124,0,Point 2706,
California,-117.8812118,33.8899011,0,Point 2707,
California,-117.8809312,33.8875314,0,Point 2708,
California,-117.8800096,33.8800529,0,Point 2709,
California,-117.8806872,33.8760342,0,Point 2710,
California,-117.8808194,33.8729313,0,Point 2711,
California,-117.8772631,33.8628219,0,Point 2712,
California,-117.8781245,33.8622218,0,Point 2713,
California,-117.8754515,33.838728,0,Point 2714,
California,-117.8754242,33.8367877,0,Point 2715,
California,-117.8767278,33.8389481,0,Point 2716,
California,-117.8765695,33.8366084,0,Point 2717,
California,-117.8757327,33.8204329,0,Point 2718,
California,-117.8760037,33.8173547,0,Point 2719,
California,-117.876747,33.8190753,0,Point 2720,
California,-117.8770318,33.8165036,0,Point 2721,
California,-117.8793422,33.8082931,0,Point 2722,
California,-117.879722,33.8051045,0,Point 2723,
California,-117.8805358,33.8069024,0,Point 2724,
California,-117.8804309,33.8043197,0,Point 2725,
California,-117.8772273,33.7977256,0,Point 2726,
California,-117.8776759,33.7950719,0,Point 2727,
California,-117.8786666,33.7946354,0,Point 2728,
California,-117.8795575,33.7890561,0,Point 2729,
California,-117.8794761,33.7868527,0,Point 2730,
California,-117.880303,33.7866486,0,Point 2731,
California,-118.0350155,33.7740886,0,Point 2732,
California,-118.0099944,33.7749951,0,Point 2733,
California,-118.0039767,33.7724399,0,Point 2734,
California,-117.9944076,33.7715333,0,Point 2735,
California,-117.9912251,33.7717958,0,Point 2736,
California,-117.9934379,33.7704745,0,Point 2737,
California,-117.989465,33.770672,0,Point 2738,
California,-117.9756251,33.7672033,0,Point 2739,
California,-117.9707968,33.7653964,0,Point 2740,
California,-117.9602393,33.7661707,0,Point 2741,
California,-117.9558386,33.7655988,0,Point 2742,
California,-117.9366766,33.7663607,0,Point 2743,
California,-117.9358551,33.7656779,0,Point 2744,
California,-117.9221657,33.7675572,0,Point 2745,
California,-117.9192658,33.7685568,0,Point 2746,
California,-117.9178631,33.7682809,0,Point 2747,
California,-117.908109,33.7731197,0,Point 2748,
California,-117.9018732,33.7756133,0,Point 2749,
California,-117.893133,33.7793607,0,Point 2750,
California,-117.8901233,33.778547,0,Point 2751,
California,-117.8818108,33.779326,0,Point 2752,
California,-117.8826698,33.7784928,0,Point 2753,
California,-117.8633177,33.7785638,0,Point 2754,
California,-117.863176,33.7777061,0,Point 2755,
California,-117.8553733,33.776795,0,Point 2756,
California,-117.8509857,33.77497,0,Point 2757,
California,-117.8371244,33.77732,0,Point 2758,
California,-117.8351451,33.8354313,0,Point 2759,
California,-117.8352476,33.8318214,0,Point 2760,
California,-117.8316078,33.8131565,0,Point 2761,
California,-117.8315513,33.8098926,0,Point 2762,
California,-117.8323169,33.8088245,0,Point 2763,
California,-117.8302996,33.7903956,0,Point 2764,
California,-117.8314685,33.7887063,0,Point 2765,
California,-117.8314168,33.7863808,0,Point 2766,
California,-117.8305626,33.7612836,0,Point 2767,
California,-117.8306887,33.7591728,0,Point 2768,
California,-117.8316026,33.7578161,0,Point 2769,
California,-117.831545,33.7497475,0,Point 2770,
California,-117.8332849,33.7460829,0,Point 2771,
California,-117.8331119,33.7308007,0,Point 2772,
California,-117.8345021,33.7311929,0,Point 2773,
California,-117.8365759,33.7233022,0,Point 2774,
California,-117.8368458,33.7243306,0,Point 2775,
California,-117.8496372,33.710269,0,Point 2776,
California,-117.851888,33.7077484,0,Point 2777,
California,-117.8543895,33.706786,0,Point 2778,
California,-117.8597909,33.6999109,0,Point 2779,
California,-117.8618398,33.697623,0,Point 2780,
California,-117.8611727,33.6997216,0,Point 2781,
California,-117.8624845,33.6984863,0,Point 2782,
California,-117.8734726,33.6856806,0,Point 2783,
California,-117.8841816,33.6759222,0,Point 2784,
California,-117.8953347,33.6649313,0,Point 2785,
California,-117.8997354,33.6614198,0,Point 2786,
California,-117.9051842,33.6550527,0,Point 2787,
California,-117.910834,33.6499612,0,Point 2788,
California,-117.2777372,33.9428209,0,Point 2789,
California,-117.2750868,33.9416543,0,Point 2790,
California,-117.2644972,33.9410045,0,Point 2791,
California,-117.2602591,33.9412157,0,Point 2792,
California,-117.2594182,33.9405484,0,Point 2793,
California,-117.2470271,33.941283,0,Point 2794,
California,-117.2405894,33.9408929,0,Point 2795,
California,-117.2294023,33.9406024,0,Point 2796,
California,-117.2229831,33.9391073,0,Point 2797,
California,-117.1904381,33.9396185,0,Point 2798,
California,-117.189081,33.9389569,0,Point 2799,
California,-117.1798623,33.93968,0,Point 2800,
California,-117.1769999,33.9396841,0,Point 2801,
California,-117.1758507,33.9389985,0,Point 2802,
California,-117.1561388,33.9397066,0,Point 2803,
California,-117.1388868,33.9396693,0,Point 2804,
California,-117.1399627,33.9388531,0,Point 2805,
California,-117.1307158,33.9387918,0,Point 2806,
California,-117.1255334,33.9377202,0,Point 2807,
California,-117.7816303,34.0543545,0,Point 2808,
California,-117.780325,34.0522096,0,Point 2809,
California,-117.7586057,34.0329235,0,Point 2810,
California,-117.7568693,34.0296397,0,Point 2811,
California,-117.7339554,34.0120673,0,Point 2812,
California,-117.7320431,34.0093075,0,Point 2813,
California,-117.7245033,34.0024987,0,Point 2814,
California,-117.7229529,33.9997459,0,Point 2815,
California,-117.7229739,33.998371,0,Point 2816,
California,-117.7105361,33.9846583,0,Point 2817,
California,-117.7040128,33.9790805,0,Point 2818,
California,-117.6916337,33.9703483,0,Point 2819,
California,-117.6893115,33.967991,0,Point 2820,
California,-117.689826,33.9676441,0,Point 2821,
California,-117.6877834,33.9654271,0,Point 2822,
California,-117.6757591,33.9501639,0,Point 2823,
California,-117.673171,33.9452955,0,Point 2824,
California,-117.6583893,33.9301939,0,Point 2825,
California,-117.6604143,33.9312507,0,Point 2826,
California,-117.6576603,33.9276443,0,Point 2827,
California,-117.6097847,33.5845643,0,Point 2828,
California,-117.7337825,33.6984795,0,Point 2829,
California,-117.7570518,33.6580333,0,Point 2830,
California,-117.7567739,33.6598881,0,Point 2831,
California,-117.8942125,33.6830055,0,Point 2832,
California,-117.8933697,33.6808365,0,Point 2833,
California,-117.877267,33.6644193,0,Point 2834,
California,-117.8639417,33.655205,0,Point 2835,
California,-117.8630216,33.6526156,0,Point 2836,
California,-117.8595389,33.6438182,0,Point 2837,
California,-117.85885,33.6413504,0,Point 2838,
California,-117.8575852,33.6383159,0,Point 2839,
California,-117.8546784,33.6360317,0,Point 2840,
California,-117.8396218,33.6298653,0,Point 2841,
California,-117.7314678,33.5875901,0,Point 2842,
California,-117.7197487,33.580229,0,Point 2843,
California,-117.7072868,33.5744727,0,Point 2844,
California,-117.3883584,33.2108925,0,Point 2845,
California,-117.3738022,33.2001936,0,Point 2846,
California,-117.3700754,33.1987891,0,Point 2847,
California,-117.3639295,33.191095,0,Point 2848,
California,-117.3538738,33.1794584,0,Point 2849,
California,-117.3459693,33.1694085,0,Point 2850,
California,-117.3421228,33.1622733,0,Point 2851,
California,-117.3361653,33.1509306,0,Point 2852,
California,-117.3298147,33.1363482,0,Point 2853,
California,-117.3289309,33.1327703,0,Point 2854,
California,-117.3224151,33.1235118,0,Point 2855,
California,-117.3231018,33.1230288,0,Point 2856,
California,-117.3215485,33.120528,0,Point 2857,
California,-117.3111935,33.1050447,0,Point 2858,
California,-117.3099579,33.1016615,0,Point 2859,
California,-117.2984124,33.0854149,0,Point 2860,
California,-117.2981825,33.0828641,0,Point 2861,
California,-117.2922638,33.0664015,0,Point 2862,
California,-117.2924946,33.0642381,0,Point 2863,
California,-117.2872099,33.0497066,0,Point 2864,
California,-117.2874156,33.0472449,0,Point 2865,
California,-117.2818519,33.0374971,0,Point 2866,
California,-117.2808921,33.034687,0,Point 2867,
California,-117.2751018,33.0274662,0,Point 2868,
California,-117.2741279,33.0238302,0,Point 2869,
California,-117.2656927,33.0122949,0,Point 2870,
California,-117.2659664,33.0108329,0,Point 2871,
California,-117.2564885,32.9972541,0,Point 2872,
California,-117.255975,32.9948454,0,Point 2873,
California,-117.257119,32.9963688,0,Point 2874,
California,-117.2568295,32.9943131,0,Point 2875,
California,-117.253355,32.9817645,0,Point 2876,
California,-117.2523269,32.9791905,0,Point 2877,
California,-117.2538666,32.9807808,0,Point 2878,
California,-117.2528779,32.978293,0,Point 2879,
California,-117.2437228,32.9520241,0,Point 2880,
California,-117.244291,32.9506092,0,Point 2881,
California,-117.2437314,32.9474822,0,Point 2882,
California,-117.2410354,32.9354285,0,Point 2883,
California,-117.2414459,32.9311426,0,Point 2884,
California,-117.2411463,32.929143,0,Point 2885,
California,-117.2350977,32.9193114,0,Point 2886,
California,-117.2331431,32.9161092,0,Point 2887,
California,-117.2257593,32.899108,0,Point 2888,
California,-117.2271212,32.8897732,0,Point 2889,
California,-117.2284019,32.8854573,0,Point 2890,
California,-117.228679,32.8740429,0,Point 2891,
California,-117.2283824,32.8712674,0,Point 2892,
California,-117.2296471,32.8728385,0,Point 2893,
California,-117.2297677,32.8710805,0,Point 2894,
California,-117.2301627,32.8666599,0,Point 2895,
California,-117.2360688,32.8485059,0,Point 2896,
California,-117.2345432,32.8359768,0,Point 2897,
California,-117.2209371,32.8139907,0,Point 2898,
California,-117.2174486,32.8073522,0,Point 2899,
California,-117.210323,32.7974404,0,Point 2900,
California,-117.2070401,32.7921289,0,Point 2901,
California,-117.2078945,32.7914443,0,Point 2902,
California,-117.2074955,32.7872024,0,Point 2903,
California,-117.2067571,32.7718612,0,Point 2904,
California,-117.2066865,32.7685793,0,Point 2905,
California,-117.1959231,32.7501276,0,Point 2906,
California,-117.1922608,32.7467697,0,Point 2907,
California,-117.1846024,32.7437966,0,Point 2908,
California,-117.1807496,32.741975,0,Point 2909,
California,-117.1802746,32.7409671,0,Point 2910,
California,-117.1719787,32.7316371,0,Point 2911,
California,-117.1678935,32.7278654,0,Point 2912,
California,-117.1582184,32.7231366,0,Point 2913,
California,-117.1013112,32.6452785,0,Point 2914,
California,-117.0959892,32.6304678,0,Point 2915,
California,-117.0934716,32.6239201,0,Point 2916,
California,-117.0906357,32.6135267,0,Point 2917,
California,-117.0897091,32.6055668,0,Point 2918,
California,-117.088009,32.5960831,0,Point 2919,
California,-117.0867831,32.5847672,0,Point 2920,
California,-117.0870316,32.5849789,0,Point 2921,
California,-117.0810863,32.5756619,0,Point 2922,
California,-117.2235042,32.7567109,0,Point 2923,
California,-117.2200678,32.756879,0,Point 2924,
California,-117.199282,32.7597444,0,Point 2925,
California,-117.1373291,32.7697711,0,Point 2926,
California,-117.137326,32.7695986,0,Point 2927,
California,-117.1016661,32.7787332,0,Point 2928,
California,-117.098876,32.7791668,0,Point 2929,
California,-117.0877817,32.7816187,0,Point 2930,
California,-117.0867558,32.7804282,0,Point 2931,
California,-117.0676917,32.7796953,0,Point 2932,
California,-117.0675697,32.7796022,0,Point 2933,
California,-117.0660425,32.7791661,0,Point 2934,
California,-117.0660184,32.7790804,0,Point 2935,
California,-117.0469317,32.7750083,0,Point 2936,
California,-117.045051,32.7741455,0,Point 2937,
California,-117.03023,32.7739405,0,Point 2938,
California,-117.0241646,32.7713059,0,Point 2939,
California,-117.0208168,32.7707738,0,Point 2940,
California,-117.0207779,32.7706819,0,Point 2941,
California,-117.0135687,32.774392,0,Point 2942,
California,-117.005911,32.7772474,0,Point 2943,
California,-117.0056489,32.7778117,0,Point 2944,
California,-117.0027747,32.7791095,0,Point 2945,
California,-117.0010084,32.7796402,0,Point 2946,
California,-116.9835757,32.7801496,0,Point 2947,
California,-116.97773,32.7940257,0,Point 2948,
California,-116.9725442,32.8027399,0,Point 2949,
California,-116.9626849,32.8052752,0,Point 2950,
California,-116.9613428,32.8035515,0,Point 2951,
California,-116.952956,32.803348,0,Point 2952,
California,-116.9380874,32.8033382,0,Point 2953,
California,-116.9185196,32.8101683,0,Point 2954,
California,-116.9050172,32.8257892,0,Point 2955,
California,-116.883442,32.8441918,0,Point 2956,
California,-116.8809699,32.8452294,0,Point 2957,
California,-117.1050011,33.1446048,0,Point 2958,
California,-117.0990491,33.1166636,0,Point 2959,
California,-117.0997848,33.115853,0,Point 2960,
California,-117.0952768,33.1097865,0,Point 2961,
California,-117.0941517,33.1061138,0,Point 2962,
California,-117.082151,33.0928597,0,Point 2963,
California,-117.0814526,33.0908024,0,Point 2964,
California,-117.0712968,33.08133,0,Point 2965,
California,-117.068699,33.0679532,0,Point 2966,
California,-117.0700319,33.0676282,0,Point 2967,
California,-117.0712854,33.0550765,0,Point 2968,
California,-117.0727441,33.0540104,0,Point 2969,
California,-117.0782881,33.0243654,0,Point 2970,
California,-117.0776566,33.0219296,0,Point 2971,
California,-117.0796662,33.0242451,0,Point 2972,
California,-117.0794191,33.0218205,0,Point 2973,
California,-117.0791928,33.0132458,0,Point 2974,
California,-117.0806417,33.0108709,0,Point 2975,
California,-117.0822424,32.9991878,0,Point 2976,
California,-117.0842449,32.9950315,0,Point 2977,
California,-117.084962,32.9802392,0,Point 2978,
California,-117.0878626,32.9774772,0,Point 2979,
California,-117.0932902,32.9670801,0,Point 2980,
California,-117.095077,32.9641492,0,Point 2981,
California,-117.1010821,32.9570647,0,Point 2982,
California,-117.1046158,32.9494579,0,Point 2983,
California,-117.1062026,32.9471395,0,Point 2984,
California,-117.1058325,32.9492957,0,Point 2985,
California,-117.1070309,32.9476124,0,Point 2986,
California,-117.1103763,32.938245,0,Point 2987,
California,-117.1126394,32.934242,0,Point 2988,
California,-117.1153151,32.9188301,0,Point 2989,
California,-117.1155947,32.9164936,0,Point 2990,
California,-117.1165207,32.9177359,0,Point 2991,
California,-117.1168125,32.915678,0,Point 2992,
California,-117.1159094,32.9052676,0,Point 2993,
California,-117.1169153,32.9018757,0,Point 2994,
California,-117.1152724,32.8950145,0,Point 2995,
California,-117.1144173,32.8925442,0,Point 2996,
California,-117.1161272,32.8942279,0,Point 2997,
California,-117.1147907,32.8906243,0,Point 2998,
California,-117.1073697,32.8795973,0,Point 2999,
California,-117.1086927,32.8786767,0,Point 3000,
California,-117.1192422,32.8356242,0,Point 3001,
California,-117.1189978,32.8318807,0,Point 3002,
California,-117.1165113,32.8247632,0,Point 3003,
California,-117.1158344,32.8219438,0,Point 3004,
California,-117.1172661,32.8238826,0,Point 3005,
California,-117.1165754,32.8210108,0,Point 3006,
California,-117.1132041,32.8095294,0,Point 3007,
California,-117.1142132,32.808304,0,Point 3008,
California,-117.1127742,32.7986644,0,Point 3009,
California,-117.1125765,32.790846,0,Point 3010,
California,-117.1141368,32.7886455,0,Point 3011,
California,-117.1147537,32.7855864,0,Point 3012,
California,-117.1109186,32.7797286,0,Point 3013,
California,-117.109102,32.7644728,0,Point 3014,
California,-117.1094663,32.7617938,0,Point 3015,
California,-117.1083925,32.7560407,0,Point 3016,
California,-117.1092726,32.7543632,0,Point 3017,
California,-117.1083194,32.7502912,0,Point 3018,
California,-117.1092198,32.7482677,0,Point 3019,
California,-117.2086316,32.892353,0,"Vista Sorrento Pkwy, I-805 N",
California,-117.2087636,32.8913892,0,"Sorrento Valley Rd W, I-805 S",
California,-117.2061107,32.8897499,0,"Sorrento Valley Rd E, I-805 S",
California,-117.1999119,32.8778947,0,Point 3023,
California,-117.1989743,32.8753139,0,Point 3024,
California,-117.1989932,32.8739431,0,Point 3025,
California,-117.1986604,32.8731501,0,Point 3026,
California,-117.1930688,32.8672681,0,Point 3027,
California,-117.1849985,32.8595338,0,Point 3028,
California,-117.183756,32.856162,0,Point 3029,
California,-117.1700187,32.8351527,0,Point 3030,
California,-117.168007,32.832212,0,Point 3031,
California,-117.1709919,32.834613,0,Point 3032,
California,-117.1692705,32.8318909,0,Point 3033,
California,-117.1629888,32.823541,0,Point 3034,
California,-117.1610953,32.820784,0,Point 3035,
California,-117.1637278,32.8225338,0,Point 3036,
California,-117.1623104,32.8199055,0,Point 3037,
California,-117.1502245,32.7999843,0,Point 3038,
California,-117.1478976,32.7886559,0,Point 3039,
California,-117.1440549,32.7839137,0,Point 3040,
California,-117.1251048,32.7566489,0,Point 3041,
California,-117.1217714,32.7482852,0,Point 3042,
California,-117.1033876,32.7265035,0,Point 3043,
California,-117.1022745,32.7147135,0,Point 3044,
California,-117.0952042,32.7057091,0,Point 3045,
California,-117.0945433,32.6918532,0,Point 3046,
California,-117.0943055,32.6934689,0,Point 3047,
California,-117.0851702,32.6790774,0,Point 3048,
California,-117.0843773,32.675812,0,Point 3049,
California,-117.0781079,32.6602729,0,Point 3050,
California,-117.0616607,32.64881,0,Point 3051,
California,-117.0607638,32.6472419,0,Point 3052,
California,-117.0540524,32.6411526,0,Point 3053,
California,-117.0541324,32.640008,0,Point 3054,
California,-117.0440087,32.6306449,0,Point 3055,
California,-117.0358773,32.6077904,0,Point 3056,
California,-117.0368862,32.6040612,0,Point 3057,
California,-117.0358335,32.5964025,0,Point 3058,
California,-117.1184027,32.8548335,0,Point 3059,
California,-117.120278,32.8556336,0,Point 3060,
California,-117.1395447,32.8334311,0,Point 3061,
California,-117.1409377,32.8315512,0,Point 3062,
California,-117.1416914,32.8315932,0,Point 3063,
California,-117.1422705,32.8312894,0,Point 3064,
California,-117.1451811,32.823531,0,Point 3065,
California,-117.1465027,32.8210419,0,Point 3066,
California,-117.1471921,32.822767,0,Point 3067,
California,-117.1485471,32.8191768,0,Point 3068,
California,-117.16011,32.7729879,0,Point 3069,
California,-117.1547606,32.7512206,0,Point 3070,
California,-117.1467943,32.7129376,0,Point 3071,
California,-117.1469258,32.7125275,0,Point 3072,
California,-117.139075,32.712971,0,Point 3073,
California,-117.1328879,32.713837,0,Point 3074,
California,-117.132252,32.7129212,0,Point 3075,
California,-117.1259851,32.715482,0,Point 3076,
California,-117.126986,32.7139426,0,Point 3077,
California,-117.1187073,32.7173604,0,Point 3078,
California,-117.1170127,32.7175995,0,Point 3079,
California,-117.1118153,32.7183529,0,Point 3080,
California,-117.1053749,32.719081,0,Point 3081,
California,-117.090433,32.7183211,0,Point 3082,
California,-117.0861536,32.718226,0,Point 3083,
California,-117.0840403,32.7187059,0,Point 3084,
California,-117.083623,32.7179283,0,Point 3085,
California,-117.0779897,32.722857,0,Point 3086,
California,-117.0751012,32.724177,0,Point 3087,
California,-117.0707092,32.7272071,0,Point 3088,
California,-117.0566683,32.7366664,0,Point 3089,
California,-117.051984,32.7413961,0,Point 3090,
California,-117.050078,32.7424,0,Point 3091,
California,-117.0443896,32.7451629,0,Point 3092,
California,-117.0415358,32.7445054,0,Point 3093,
California,-117.0374654,32.7451952,0,Point 3094,
California,-117.0323398,32.7473089,0,Point 3095,
California,-117.0304237,32.7462384,0,Point 3096,
California,-117.0213734,32.7471965,0,Point 3097,
California,-117.0150205,32.7520322,0,Point 3098,
California,-117.0149139,32.7513698,0,Point 3099,
California,-117.0151239,32.751582,0,Point 3100,
California,-117.0041376,32.7785964,0,"CA-125 S, CA-125 S",
California,-117.0026068,32.775628,0,Point 3102,
California,-117.0025047,32.7720842,0,Point 3103,
California,-117.0026983,32.7671387,0,Point 3104,
California,-117.0098574,32.7541192,0,Point 3105,
California,-117.014112,32.7162821,0,Point 3106,
California,-117.0142175,32.7129654,0,Point 3107,
California,-117.0104738,32.7035301,0,Point 3108,
California,-117.0115793,32.7013203,0,Point 3109,
California,-117.3412374,33.1814112,0,Point 3110,
California,-117.3377968,33.1809122,0,Point 3111,
California,-117.3287549,33.1815303,0,Point 3112,
California,-117.3255494,33.1817222,0,Point 3113,
California,-117.2988221,33.1831573,0,Point 3114,
California,-117.2952157,33.1834715,0,Point 3115,
California,-117.2916607,33.1831828,0,Point 3116,
California,-117.2806845,33.1877502,0,Point 3117,
California,-117.2782574,33.1883333,0,Point 3118,
California,-117.2567737,33.1945207,0,Point 3119,
California,-117.2518152,33.1951938,0,Point 3120,
California,-117.2482382,33.1939764,0,Point 3121,
California,-117.2404585,33.1900676,0,Point 3122,
California,-117.2401927,33.1892656,0,Point 3123,
California,-117.2296862,33.1805859,0,Point 3124,
California,-117.229917,33.1799645,0,Point 3125,
California,-117.2154812,33.1682087,0,Point 3126,
California,-117.2137719,33.165564,0,Point 3127,
California,-117.2001265,33.1520389,0,Point 3128,
California,-117.1970895,33.1488183,0,Point 3129,
California,-117.192062,33.1453242,0,Point 3130,
California,-117.1891324,33.1423075,0,Point 3131,
California,-117.1783452,33.1388667,0,Point 3132,
California,-117.1745502,33.1374958,0,Point 3133,
California,-117.1748455,33.1369987,0,Point 3134,
California,-117.1654519,33.1373239,0,Point 3135,
California,-117.1625288,33.1374796,0,Point 3136,
California,-117.1619655,33.1369618,0,Point 3137,
California,-117.1432642,33.1395827,0,Point 3138,
California,-117.1314895,33.1349357,0,Point 3139,
California,-117.1228539,33.1329931,0,Point 3140,
California,-117.1199139,33.1311885,0,Point 3141,
California,-117.0944102,33.1305051,0,Point 3142,
California,-117.0919204,33.1315374,0,Point 3143,
California,-117.0887708,33.1320848,0,Point 3144,
California,-117.2355332,32.9343974,0,Point 3145,
California,-117.2284335,32.9378572,0,Point 3146,
California,-117.2266203,32.937685,0,Point 3147,
California,-117.2140107,32.944429,0,Point 3148,
California,-117.2117846,32.9448409,0,Point 3149,
California,-117.1973038,32.951718,0,Point 3150,
California,-117.1925883,32.9522085,0,Point 3151,
California,-117.1555032,32.9608001,0,Point 3152,
California,-117.1511093,32.9569941,0,Point 3153,
California,-117.1331807,32.9538613,0,Point 3154,
California,-117.1281147,32.9537243,0,Point 3155,
California,-117.1171679,32.9577267,0,Point 3156,
California,-117.1143731,32.9578757,0,Point 3157,
California,-116.9863703,32.8338904,0,Point 3158,
California,-116.9843608,32.833269,0,Point 3159,
California,-116.9669539,32.8328207,0,Point 3160,
California,-121.6634379,37.7190224,0,Point 3161,
California,-121.6566827,37.7201125,0,Point 3162,
California,-117.0277762,32.6828832,0,Point 3163,
California,-117.0331703,32.6797041,0,Point 3164,
California,-117.0380152,32.6739964,0,Point 3165,
California,-117.0416418,32.6717633,0,Point 3166,
California,-117.0557219,32.6642571,0,Point 3167,
California,-117.059105,32.6643064,0,Point 3168,
California,-117.0170103,32.5674592,0,Point 3169,
California,-117.0109927,32.5658068,0,Point 3170,
California,-116.9819085,32.5647853,0,Point 3171,
California,-116.9779789,32.563907,0,Point 3172,
California,-116.9648966,32.564578,0,Point 3173,
California,-116.9608325,32.5645628,0,Point 3174,
California,-116.9635926,32.563859,0,Point 3175,
California,-116.9401513,32.556453,0,Point 3176,
California,-121.4680002,37.752493,0,Point 3177,
California,-121.4651935,37.7536164,0,Point 3178,
California,-121.4597924,37.755159,0,Point 3179,
California,-121.4378656,37.7632067,0,Point 3180,
California,-121.4319219,37.7626632,0,Point 3181,
California,-121.4174915,37.7641561,0,Point 3182,
California,-121.4126178,37.7642714,0,Point 3183,
California,-119.7752307,36.7567561,0,Point 3185,
California,-119.774994,36.7567647,0,Point 3186,
California,-119.7766087,36.7525948,0,Point 3187,
California,-119.7768467,36.7525752,0,Point 3188,
California,-116.9621316,32.8072605,0,Point 3190,
Nevada/Arizona,-115.1015205,36.2410613,0,"Craig Rd W, I-15 S",
Nevada/Arizona,-115.1054467,36.2377018,0,"Craig Rd E, I-15 S",
Nevada/Arizona,-115.1223969,36.2193863,0,"Cheyenne Ave, I-15 N",
Nevada/Arizona,-115.126146,36.2154086,0,"Cheyenne Ave, I-15 S",
Nevada/Arizona,-115.1371158,36.1985766,0,"Lake Mead Blvd, I-15 N",
Nevada/Arizona,-115.138448,36.1975244,0,"Lake Mead Blvd W, I-15 S",
Nevada/Arizona,-115.1397286,36.1952242,0,"Lake Mead Blvd E, I-15 S",
Nevada/Arizona,-115.1434858,36.1829012,0,"Washington Ave, I-15 N",
Nevada/Arizona,-115.148886,36.1787405,0,"Washington Ave, I-15 S",
Nevada/Arizona,-115.1603052,36.1617586,0,"Charleston Blvd, I-15 N",
Nevada/Arizona,-115.161475,36.156671,0,"Charleston Blvd, I-15 S",
Nevada/Arizona,-115.1689998,36.1460837,0,"Sahara Ave, I-15 N",
Nevada/Arizona,-115.1801569,36.1283233,0,"Spring Mountain Rd W, I-15 N",
Nevada/Arizona,-115.180118,36.1253602,0,"Spring Mountain Rd E, I-15 N",
Nevada/Arizona,-115.1810587,36.1246568,0,"Spring Mountain Rd, I-15 S",
Nevada/Arizona,-115.1801128,36.1165484,0,"Flamingo Rd, I-15 N",
Nevada/Arizona,-115.1817743,36.1126056,0,"Flamingo Rd, I-15 S",
Nevada/Arizona,-115.1810883,36.0968071,0,"Tropicana Ave, I-15 S",
Nevada/Arizona,-115.1798264,36.0880313,0,"Russell Rd, I-15 N",
Nevada/Arizona,-115.1814969,36.0836741,0,"Russell Rd, I-15 S",
Nevada/Arizona,-115.1800017,36.0449586,0,"Blue Diamond Rd, I-15 N",
Nevada/Arizona,-115.1811439,36.0410216,0,"Blue Diamond Rd, I-15 S",
Nevada/Arizona,-115.1799977,36.015247,0,"Silverado Ranch Blvd, I-15 N",
Nevada/Arizona,-115.1800685,36.0011566,0,"Cactus Ave, I-15 N",
Nevada/Arizona,-115.1804791,35.9866235,0,"Starr Ave, I-15 N",
Nevada/Arizona,-115.2538428,36.2643172,0,"Ann Rd, I-11 N",
Nevada/Arizona,-115.25128,36.2599943,0,"Ann Rd, I-11 S",
Nevada/Arizona,-115.2496319,36.2590563,0,"Rancho Dr, I-11 N",
Nevada/Arizona,-115.24604,36.2426238,0,"Craig Rd, I-11 N",
Nevada/Arizona,-115.2474576,36.2379663,0,"Craig Rd, I-11 S",
Nevada/Arizona,-115.2461392,36.2204677,0,"Cheyenne Ave, I-11 N",
Nevada/Arizona,-115.2472168,36.2152364,0,"Cheyenne Ave E, I-11 S",
Nevada/Arizona,-115.244113,36.1990352,0,"Lake Mead Blvd, I-11 N",
Nevada/Arizona,-115.2453938,36.1976245,0,"Lake Mead Blvd W, I-11 S",
Nevada/Arizona,-115.2452938,36.1941067,0,"Lake Mead Blvd E, I-11 S",
Nevada/Arizona,-115.2436959,36.1789717,0,"Rainbow Blvd, I-11 N",
Nevada/Arizona,-115.241815,36.1743555,0,"Rainbow Blvd, I-11 S",
Nevada/Arizona,-115.2265737,36.174494,0,"Jones Blvd, I-11 N",
Nevada/Arizona,-115.2250947,36.1737875,0,"Jones Blvd, I-11 S",
Nevada/Arizona,-115.2081618,36.1740038,0,"Decatur Blvd, I-11 N",
Nevada/Arizona,-115.2042278,36.1724105,0,"Decatur Blvd, I-11 S",
Nevada/Arizona,-115.1943596,36.1763124,0,"Valley View Blvd, I-11 N",
Nevada/Arizona,-115.193487,36.1757293,0,"Valley View Blvd, I-11 S",
Nevada/Arizona,-115.1782259,36.1755988,0,"Rancho Dr, I-11 N",
Nevada/Arizona,-115.1697801,36.175557,0,"Rancho Dr, I-11 S",
Nevada/Arizona,-115.1620436,36.1758926,0,"M.L.K. Blvd, I-11 N",
Nevada/Arizona,-115.1440778,36.1756516,0,"Casino Center Blvd, I-11 N",
Nevada/Arizona,-115.1404175,36.1743901,0,"Las Vegas Blvd, I-11 N",
Nevada/Arizona,-115.1186398,36.1681856,0,"Eastern Ave, I-11 N",
Nevada/Arizona,-115.1135751,36.1676474,0,"Eastern Ave, I-11 S",
Nevada/Arizona,-115.0919035,36.1555695,0,"Charleston Blvd, I-11 S",
Nevada/Arizona,-115.090033,36.1369457,0,"Boulder Hwy, I-11 N",
Nevada/Arizona,-115.0904724,36.1343748,0,"Boulder Hwy, I-11 S",
Nevada/Arizona,-115.0824936,36.1154536,0,"Flamingo Rd W, I-11 N",
Nevada/Arizona,-115.0819934,36.1129238,0,"Flamingo Rd E, I-11 N",
Nevada/Arizona,-115.0821377,36.1125377,0,"Flamingo Rd E, I-11 S",
Nevada/Arizona,-115.0833458,36.1164057,0,"Flamingo Rd W, I-11 S",
Nevada/Arizona,-115.0814616,36.1021574,0,"Tropicana Ave, I-11 N",
Nevada/Arizona,-115.0818842,36.0986316,0,"Tropicana Ave, I-11 S",
Nevada/Arizona,-115.0514707,36.0847628,0,"Russell Rd, I-11 N",
Nevada/Arizona,-115.0475439,36.0815531,0,"Russell Rd, I-11 S",
Nevada/Arizona,-115.0372458,36.0736562,0,"Galleria Dr, I-11 N",
Nevada/Arizona,-115.031759,36.0656537,0,"Sunset Rd, I-11 N",
Nevada/Arizona,-115.0323022,36.0620963,0,"Sunset Rd, I-11 S",
Nevada/Arizona,-115.0228942,36.0480361,0,"Auto Show Dr, I-11 N",
Nevada/Arizona,-115.0214885,36.0415794,0,"Auto Show Dr, I-11 S",
Nevada/Arizona,-115.0154747,36.0350672,0,"Lake Mead Pkwy, I-11 N",
Nevada/Arizona,-115.0160529,36.0347611,0,"Lake Mead Pkwy, I-11 S",
Nevada/Arizona,-114.9911986,36.014179,0,"Horizon Dr, I-11 N",
Nevada/Arizona,-119.8605311,39.5246861,0,"McCarran Blvd, I-80 E",
Nevada/Arizona,-119.8273761,39.5307577,0,"Keystone Ave, I-80 E",
Nevada/Arizona,-119.8123161,39.5352304,0,"University Wy, I-80 E",
Nevada/Arizona,-119.8009016,39.5363815,0,"Wells Ave, I-80 E",
Nevada/Arizona,-119.7887454,39.5548557,0,"McCarran Blvd, US-395 S",
Nevada/Arizona,-119.788774,39.5464314,0,"Oddie Blvd, US-395 S",
Nevada/Arizona,-112.3439194,33.4582027,0,"Dysart Rd, I-10 W",
Nevada/Arizona,-112.2520664,33.4619192,0,"91st Ave, I-10 E",
Nevada/Arizona,-112.2416336,33.4626342,0,"83rd Ave, I-10 W",
Nevada/Arizona,-112.2350499,33.46195,0,"83rd Ave, I-10 E",
Nevada/Arizona,-112.224031,33.4630379,0,"75th Ave, I-10 W",
Nevada/Arizona,-112.2168541,33.4622452,0,"75th Ave, I-10 E",
Nevada/Arizona,-112.2066545,33.4631207,0,"67th Ave, I-10 W",
Nevada/Arizona,-112.1874529,33.4625107,0,"67th Ave, I-10 E",
Nevada/Arizona,-112.1668171,33.4623218,0,"51st Ave, I-10 E",
Nevada/Arizona,-112.1540901,33.4624891,0,"43rd Ave, I-10 W",
Nevada/Arizona,-112.1494661,33.4614208,0,"43rd Ave, I-10 E",
Nevada/Arizona,-112.136718,33.4630938,0,"35th Ave, I-10 W",
Nevada/Arizona,-112.1317248,33.462389,0,"35th Ave, I-10 E",
Nevada/Arizona,-112.1193496,33.4623692,0,"27th Ave, I-10 W",
Nevada/Arizona,-112.0965668,33.4613841,0,"19th Ave, I-10 E",
Nevada/Arizona,-112.0854068,33.4615648,0,"7th Ave, I-10 W",
Nevada/Arizona,-112.0624809,33.4615557,0,"7th St, I-10 E",
Nevada/Arizona,-112.0507664,33.4624778,0,"16th St, I-10 W",
Nevada/Arizona,-112.0336974,33.4623113,0,"24th St, I-10 W",
Nevada/Arizona,-112.0363855,33.4543223,0,"Washington St, I-10 W",
Nevada/Arizona,-112.0379276,33.4451403,0,"Jefferson St, I-10 E",
Nevada/Arizona,-112.0381301,33.4347391,0,"Buckeye Rd, I-10 E",
Nevada/Arizona,-112.0278088,33.4257212,0,"24th St, I-10 E",
Nevada/Arizona,-112.0132981,33.4140229,0,"32nd St, I-10 W",
Nevada/Arizona,-112.0079826,33.4107097,0,"32nd St, I-10 E",
Nevada/Arizona,-111.9990256,33.4113476,0,"40th St, I-10 W",
Nevada/Arizona,-111.9927792,33.4104967,0,"40th St, I-10 E",
Nevada/Arizona,-111.9684177,33.3749561,0,"Baseline Rd, I-10 E",
Nevada/Arizona,-111.9712248,33.3515287,0,"Elliot Rd, I-10 W",
Nevada/Arizona,-111.9725053,33.3463159,0,"Elliot Rd, I-10 E",
Nevada/Arizona,-111.9718597,33.3375965,0,"Warner Rd, I-10 W",
Nevada/Arizona,-111.9726003,33.3319354,0,"Warner Rd, I-10 E",
Nevada/Arizona,-111.9718814,33.3219698,0,"Ray Rd, I-10 W",
Nevada/Arizona,-111.9726503,33.3171929,0,"Ray Rd, I-10 E",
Nevada/Arizona,-112.1210126,33.7313142,0,Point 111,
Nevada/Arizona,-112.1198673,33.7224833,0,Point 112,
Nevada/Arizona,-112.1178627,33.7162676,0,Point 113,
Nevada/Arizona,-112.1180534,33.7103567,0,Point 114,
Nevada/Arizona,-112.1146187,33.701941,0,Point 115,
Nevada/Arizona,-112.1147459,33.6971772,0,Point 116,
Nevada/Arizona,-112.1121221,33.6868105,0,Point 117,
Nevada/Arizona,-112.1135298,33.6717955,0,Point 118,
Nevada/Arizona,-112.1132933,33.6663953,0,Point 119,
Nevada/Arizona,-112.11505,33.6519784,0,Point 120,
Nevada/Arizona,-112.1148915,33.6420894,0,Point 121,
Nevada/Arizona,-112.1164005,33.6376718,0,Point 122,
Nevada/Arizona,-112.1162226,33.6285348,0,Point 123,
Nevada/Arizona,-112.1169374,33.6224511,0,Point 124,
Nevada/Arizona,-112.1163745,33.6136873,0,Point 125,
Nevada/Arizona,-112.1170522,33.6082532,0,Point 126,
Nevada/Arizona,-112.1165331,33.5995327,0,Point 127,
Nevada/Arizona,-112.1172196,33.5924779,0,Point 128,
Nevada/Arizona,-112.1166624,33.5859084,0,Point 129,
Nevada/Arizona,-112.1173262,33.5783616,0,Point 130,
Nevada/Arizona,-112.1169281,33.5710272,0,Point 131,
Nevada/Arizona,-112.117159,33.5649721,0,Point 132,
Nevada/Arizona,-112.1124812,33.5566066,0,Point 133,
Nevada/Arizona,-112.1126695,33.5507728,0,Point 134,
Nevada/Arizona,-112.1121189,33.541205,0,Point 135,
Nevada/Arizona,-112.1126132,33.536356,0,Point 136,
Nevada/Arizona,-112.1120526,33.5263835,0,Point 137,
Nevada/Arizona,-112.1125839,33.5218601,0,Point 138,
Nevada/Arizona,-112.1121183,33.5120039,0,Point 139,
Nevada/Arizona,-112.1127905,33.5071873,0,Point 140,
Nevada/Arizona,-112.1127278,33.4972915,0,Point 141,
Nevada/Arizona,-112.1132993,33.4926185,0,Point 142,
Nevada/Arizona,-112.1128375,33.4828145,0,Point 143,
Nevada/Arizona,-112.1134243,33.4760073,0,Point 144,
Nevada/Arizona,-112.1109271,33.4690643,0,Point 145,
Nevada/Arizona,-112.1083863,33.4598078,0,Point 146,
Nevada/Arizona,-112.1079867,33.4505499,0,Point 147,
Nevada/Arizona,-112.1079816,33.4431825,0,Point 148,
Nevada/Arizona,-112.1084539,33.4387356,0,Point 149,
Nevada/Arizona,-112.0961316,33.4289681,0,Point 150,
Nevada/Arizona,-112.0855037,33.4297764,0,Point 151,
Nevada/Arizona,-112.0791873,33.4288029,0,Point 152,
Nevada/Arizona,-112.0679133,33.4286589,0,Point 153,
Nevada/Arizona,-112.0620994,33.4287967,0,Point 154,
Nevada/Arizona,-112.0516335,33.4277237,0,Point 155,
Nevada/Arizona,-111.9814174,33.4451379,0,Point 156,
Nevada/Arizona,-111.9777576,33.4243662,0,Point 157,
Nevada/Arizona,-112.2683727,33.467899,0,Point 158,
Nevada/Arizona,-112.2651173,33.4767975,0,Point 159,
Nevada/Arizona,-112.2635545,33.4831978,0,Point 160,
Nevada/Arizona,-112.2641971,33.4907769,0,Point 161,
Nevada/Arizona,-112.2646536,33.4971138,0,Point 162,
Nevada/Arizona,-112.2694353,33.5050979,0,Point 163,
Nevada/Arizona,-112.2688432,33.5119289,0,Point 164,
Nevada/Arizona,-112.2694691,33.5200274,0,Point 165,
Nevada/Arizona,-112.2686218,33.524911,0,Point 166,
Nevada/Arizona,-112.2700318,33.5337251,0,Point 167,
Nevada/Arizona,-112.2703903,33.5413513,0,Point 168,
Nevada/Arizona,-112.2698207,33.5489438,0,Point 169,
Nevada/Arizona,-112.2635064,33.5538225,0,Point 170,
Nevada/Arizona,-112.2576624,33.5632919,0,Point 171,
Nevada/Arizona,-112.2568326,33.5688266,0,Point 172,
Nevada/Arizona,-112.2592652,33.5782977,0,Point 173,
Nevada/Arizona,-112.2595797,33.5831857,0,Point 174,
Nevada/Arizona,-112.2614247,33.5912262,0,Point 175,
Nevada/Arizona,-112.2540596,33.6014184,0,Point 176,
Nevada/Arizona,-112.2471835,33.6080973,0,Point 177,
Nevada/Arizona,-112.2416364,33.611693,0,Point 178,
Nevada/Arizona,-112.2392033,33.6356341,0,Point 179,
Nevada/Arizona,-112.2357866,33.6416416,0,Point 180,
Nevada/Arizona,-112.2331283,33.6494729,0,Point 181,
Nevada/Arizona,-112.2320055,33.6543372,0,Point 182,
Nevada/Arizona,-112.2319457,33.6553891,0,Point 183,
Nevada/Arizona,-112.2327323,33.6594831,0,Point 184,
Nevada/Arizona,-112.2164074,33.6674756,0,Point 185,
Nevada/Arizona,-112.206178,33.668166,0,Point 186,
Nevada/Arizona,-112.1994378,33.6678045,0,Point 187,
Nevada/Arizona,-112.1903148,33.6685362,0,Point 188,
Nevada/Arizona,-112.1830467,33.6679814,0,Point 189,
Nevada/Arizona,-112.1733352,33.6687112,0,Point 190,
Nevada/Arizona,-112.1651896,33.6686909,0,Point 191,
Nevada/Arizona,-112.1391967,33.6699294,0,Point 192,
Nevada/Arizona,-112.1212599,33.6691848,0,Point 193,
Nevada/Arizona,-111.9995282,33.6582732,0,Point 194,
Nevada/Arizona,-112.0008029,33.6519021,0,Point 195,
Nevada/Arizona,-112.0014451,33.6439361,0,Point 196,
Nevada/Arizona,-112.0043,33.6377599,0,Point 197,
Nevada/Arizona,-112.005214,33.6290172,0,Point 198,
Nevada/Arizona,-112.0084532,33.6233417,0,Point 199,
Nevada/Arizona,-112.0098985,33.608559,0,Point 200,
Nevada/Arizona,-112.0091557,33.5997653,0,Point 201,
Nevada/Arizona,-112.0097968,33.594163,0,Point 202,
Nevada/Arizona,-112.0094148,33.5853839,0,Point 203,
Nevada/Arizona,-112.0110074,33.5798367,0,Point 204,
Nevada/Arizona,-112.0164548,33.5749437,0,Point 205,
Nevada/Arizona,-112.0369309,33.5623357,0,Point 206,
Nevada/Arizona,-112.0383584,33.5555909,0,Point 207,
Nevada/Arizona,-112.0408229,33.5405954,0,Point 208,
Nevada/Arizona,-112.0418256,33.5355442,0,Point 209,
Nevada/Arizona,-112.0433531,33.5265221,0,Point 210,
Nevada/Arizona,-112.044332,33.5210273,0,Point 211,
Nevada/Arizona,-112.0438614,33.5152559,0,Point 212,
Nevada/Arizona,-112.0439804,33.5034352,0,Point 213,
Nevada/Arizona,-112.0434949,33.4971829,0,Point 214,
Nevada/Arizona,-112.0442851,33.4927253,0,Point 215,
Nevada/Arizona,-112.0397423,33.4839855,0,Point 216,
Nevada/Arizona,-112.0387612,33.4761402,0,Point 217,
Nevada/Arizona,-112.0379556,33.468055,0,Point 218,
Nevada/Arizona,-112.0384272,33.4635502,0,Point 219,
Nevada/Arizona,-112.0962633,33.669319,0,Point 220,
Nevada/Arizona,-112.0864537,33.6692227,0,Point 221,
Nevada/Arizona,-112.0786245,33.6684693,0,Point 222,
Nevada/Arizona,-112.0701072,33.6692488,0,Point 223,
Nevada/Arizona,-112.06058,33.6687436,0,Point 224,
Nevada/Arizona,-112.0362136,33.6710833,0,Point 225,
Nevada/Arizona,-112.0269402,33.6724332,0,Point 226,
Nevada/Arizona,-111.9810925,33.6732764,0,Point 227,
Nevada/Arizona,-111.973442,33.6725754,0,Point 228,
Nevada/Arizona,-111.9627425,33.6695246,0,Point 229,
Nevada/Arizona,-111.9571569,33.6661422,0,Point 230,
Nevada/Arizona,-111.9458015,33.6627707,0,Point 231,
Nevada/Arizona,-111.9397073,33.6608566,0,Point 232,
Nevada/Arizona,-111.928402,33.659197,0,Point 233,
Nevada/Arizona,-111.9215027,33.6570768,0,Point 234,
Nevada/Arizona,-111.9116662,33.6556843,0,Point 235,
Nevada/Arizona,-111.9039594,33.6534183,0,Point 236,
Nevada/Arizona,-111.8940139,33.648724,0,Point 237,
Nevada/Arizona,-111.8913477,33.642879,0,Point 238,
Nevada/Arizona,-111.8900178,33.6339406,0,Point 239,
Nevada/Arizona,-111.8901172,33.6285562,0,Point 240,
Nevada/Arizona,-111.8915309,33.6197152,0,Point 241,
Nevada/Arizona,-111.8917793,33.6140388,0,Point 242,
Nevada/Arizona,-111.8911944,33.5994867,0,Point 243,
Nevada/Arizona,-111.8918655,33.5933798,0,Point 244,
Nevada/Arizona,-111.8912492,33.5851791,0,Point 245,
Nevada/Arizona,-111.8907618,33.5790054,0,Point 246,
Nevada/Arizona,-111.8905087,33.5672555,0,Point 247,
Nevada/Arizona,-111.8861695,33.5626523,0,Point 248,
Nevada/Arizona,-111.8791089,33.5569427,0,Point 249,
Nevada/Arizona,-111.8795721,33.5505659,0,Point 250,
Nevada/Arizona,-111.8804252,33.5410366,0,Point 251,
Nevada/Arizona,-111.8833222,33.5356734,0,Point 252,
Nevada/Arizona,-111.8860564,33.5268021,0,Point 253,
Nevada/Arizona,-111.8881036,33.5212918,0,Point 254,
Nevada/Arizona,-111.8875494,33.5125505,0,Point 255,
Nevada/Arizona,-111.8882641,33.5064659,0,Point 256,
Nevada/Arizona,-111.887547,33.4980848,0,Point 257,
Nevada/Arizona,-111.888257,33.4915921,0,Point 258,
Nevada/Arizona,-111.8888421,33.4833373,0,Point 259,
Nevada/Arizona,-111.8901205,33.4770894,0,Point 260,
Nevada/Arizona,-111.887742,33.4688747,0,Point 261,
Nevada/Arizona,-111.88933,33.4623396,0,Point 262,
Nevada/Arizona,-111.8896616,33.4540675,0,Point 263,
Nevada/Arizona,-111.8911712,33.4487582,0,Point 264,
Nevada/Arizona,-111.8906152,33.4317147,0,Point 265,
Nevada/Arizona,-111.8917234,33.4189084,0,Point 266,
Nevada/Arizona,-111.8908228,33.4107052,0,Point 267,
Nevada/Arizona,-111.891586,33.4033007,0,Point 268,
Nevada/Arizona,-111.8906736,33.39605,0,Point 269,
Nevada/Arizona,-111.8937915,33.3745726,0,Point 270,
Nevada/Arizona,-111.893418,33.3675366,0,Point 271,
Nevada/Arizona,-111.8945175,33.3610715,0,Point 272,
Nevada/Arizona,-111.8939329,33.3531999,0,Point 273,
Nevada/Arizona,-111.8939526,33.345551,0,Point 274,
Nevada/Arizona,-111.8928355,33.3388075,0,Point 275,
Nevada/Arizona,-111.8933736,33.3309639,0,Point 276,
Nevada/Arizona,-111.8933802,33.3239646,0,Point 277,
Nevada/Arizona,-111.8947469,33.3161075,0,Point 278,
Nevada/Arizona,-111.893961,33.309766,0,Point 279,
Nevada/Arizona,-111.9573683,33.3859407,0,Point 280,
Nevada/Arizona,-111.9419789,33.3858705,0,Point 281,
Nevada/Arizona,-111.9370231,33.3852806,0,Point 282,
Nevada/Arizona,-111.9299938,33.3859009,0,Point 283,
Nevada/Arizona,-111.923177,33.3853146,0,Point 284,
Nevada/Arizona,-111.9124352,33.3860217,0,Point 285,
Nevada/Arizona,-111.9054686,33.3854792,0,Point 286,
Nevada/Arizona,-111.8781254,33.38606,0,Point 287,
Nevada/Arizona,-111.8714204,33.385488,0,Point 288,
Nevada/Arizona,-111.8619424,33.3861542,0,Point 289,
Nevada/Arizona,-111.8534026,33.3855506,0,Point 290,
Nevada/Arizona,-111.8435838,33.3863377,0,Point 291,
Nevada/Arizona,-111.8368968,33.3857339,0,Point 292,
Nevada/Arizona,-111.8260814,33.3864158,0,Point 293,
Nevada/Arizona,-111.8195727,33.3857722,0,Point 294,
Nevada/Arizona,-111.8087344,33.3864723,0,Point 295,
Nevada/Arizona,-111.8023675,33.3858443,0,Point 296,
Nevada/Arizona,-111.7917549,33.3865864,0,Point 297,
Nevada/Arizona,-111.7852519,33.385962,0,Point 298,
Nevada/Arizona,-111.7576634,33.3867439,0,Point 299,
Nevada/Arizona,-111.7507245,33.3861006,0,Point 300,
Nevada/Arizona,-111.7408123,33.3868025,0,Point 301,
Nevada/Arizona,-111.7337307,33.3861622,0,Point 302,
Nevada/Arizona,-111.7228984,33.3868724,0,Point 303,
Nevada/Arizona,-111.7160957,33.3862382,0,Point 304,
Nevada/Arizona,-111.6958848,33.3869918,0,Point 305,
Nevada/Arizona,-111.6880323,33.3869988,0,Point 306,
Nevada/Arizona,-111.6812939,33.3862317,0,Point 307,
Nevada/Arizona,-111.6714703,33.3870637,0,Point 308,
Nevada/Arizona,-111.6388417,33.3869809,0,Point 309,
Nevada/Arizona,-111.6297222,33.3862589,0,Point 310,
Nevada/Arizona,-111.6192701,33.3869415,0,Point 311,
Nevada/Arizona,-112.0269136,33.4617557,0,Point 312,
Nevada/Arizona,-112.0159746,33.4618116,0,Point 313,
Nevada/Arizona,-112.0093397,33.4594138,0,Point 314,
Nevada/Arizona,-111.999894,33.4595103,0,Point 315,
Nevada/Arizona,-111.9841158,33.4579264,0,Point 316,
Nevada/Arizona,-111.972349,33.4556975,0,Point 317,
Nevada/Arizona,-111.9693,33.4477214,0,Point 318,
Nevada/Arizona,-111.9660222,33.439979,0,Point 319,
Nevada/Arizona,-111.9539939,33.4360465,0,Point 320,
Nevada/Arizona,-111.9464441,33.4355689,0,Point 321,
Nevada/Arizona,-111.929567,33.4363607,0,Point 322,
Nevada/Arizona,-111.9230763,33.4357537,0,Point 323,
Nevada/Arizona,-111.9129675,33.4363823,0,Point 324,
Nevada/Arizona,-111.8720729,33.4372831,0,Point 325,
Nevada/Arizona,-111.8668871,33.4391578,0,Point 326,
Nevada/Arizona,-111.8595934,33.4450945,0,Point 327,
Nevada/Arizona,-111.8539918,33.4463259,0,Point 328,
Nevada/Arizona,-111.85006,33.4504681,0,Point 329,
Nevada/Arizona,-111.8429081,33.4544715,0,Point 330,
Nevada/Arizona,-111.8365616,33.4566209,0,Point 331,
Nevada/Arizona,-111.7954075,33.4659697,0,Point 332,
Nevada/Arizona,-111.7695717,33.2828807,0,Point 333,
Nevada/Arizona,-111.7918291,33.2832885,0,Point 334,
Nevada/Arizona,-111.8267699,33.2831486,0,Point 335,
Nevada/Arizona,-111.8439144,33.2876581,0,Point 336,
Nevada/Arizona,-111.8562312,33.2869157,0,Point 337,
Nevada/Arizona,-111.8615011,33.287582,0,Point 338,
Nevada/Arizona,-111.8730024,33.286891,0,Point 339,
Nevada/Arizona,-112.1915657,33.3938803,0,Point 340,
Nevada/Arizona,-112.1925564,33.4055499,0,Point 341,
Nevada/Arizona,-112.1881562,33.4249191,0,Point 342,
Nevada/Arizona,-112.1877272,33.4344062,0,Point 343,
Nevada/Arizona,-112.1868307,33.440791,0,Point 344,
Nevada/Arizona,-112.1864291,33.4484482,0,Point 345,
Nevada/Arizona,-115.24744,36.2191492,0,"Cheyenne Ave W, I-11 S",
Utah/Colorado,-112.0209844,41.1723435,0,"Riverdale Rd, I-15 S",
Utah/Colorado,-112.0243545,41.125725,0,"M Ave, I-15 N",
Utah/Colorado,-112.0224016,41.1216906,0,"M Ave, I-15 S",
Utah/Colorado,-112.0036884,41.1043099,0,"UT-193, I-15 N",
Utah/Colorado,-112.0032591,41.1019608,0,"UT-193, I-15 S",
Utah/Colorado,-111.9922478,41.0912854,0,"Antelope Dr, I-15 N",
Utah/Colorado,-111.990774,41.0882989,0,"Antelope Dr, I-15 S",
Utah/Colorado,-111.9774669,41.0756413,0,"Hill Field Rd, I-15 N",
Utah/Colorado,-111.975557,41.0721619,0,"Hill Field Rd, I-15 S",
Utah/Colorado,-111.9606731,41.057749,0,"Layton Pkwy, I-15 N",
Utah/Colorado,-111.9616119,41.0547407,0,"Layton Pkwy, I-15 S",
Utah/Colorado,-111.9510333,41.0407676,0,"200 N, I-15 N",
Utah/Colorado,-111.9481318,41.0354476,0,"200 N, I-15 S",
Utah/Colorado,-111.9081596,40.991178,0,"Park Ln, I-15 N",
Utah/Colorado,-111.9043774,40.9881045,0,"Park Ln, UT-67 S",
Utah/Colorado,-111.9021773,40.9886028,0,"Park Ln, I-15 S",
Utah/Colorado,-111.8916164,40.9660959,0,"Lagoon Dr, I-15 S",
Utah/Colorado,-111.8906526,40.9235971,0,"400 N, I-15 N",
Utah/Colorado,-111.8915141,40.9190327,0,"400 N, I-15 S",
Utah/Colorado,-111.8913502,40.9013601,0,"500 W, I-15 N",
Utah/Colorado,-111.8966309,40.8922125,0,"400 N, I-15 S",
Utah/Colorado,-111.8961315,40.886116,0,"500 S, I-15 N",
Utah/Colorado,-111.8970633,40.8822838,0,"500 S, I-15 S",
Utah/Colorado,-111.9003182,40.8630354,0,"2600 S, I-15 N",
Utah/Colorado,-111.9038221,40.8601024,0,"2600 S, I-15 S",
Utah/Colorado,-111.9165002,40.828462,0,"Main St, I-15 S",
Utah/Colorado,-111.9168648,40.8173371,0,"Beck St, I-15 N",
Utah/Colorado,-111.9111409,40.7842228,0,"600 N, I-15 N",
Utah/Colorado,-111.9109315,40.7803194,0,"600 N, I-15 S",
Utah/Colorado,-111.9036993,40.7441465,0,"13th S, I-15 N",
Utah/Colorado,-111.902738,40.7025104,0,"3300 S, I-15 N",
Utah/Colorado,-111.9023731,40.696638,0,"3300 S, I-15 S",
Utah/Colorado,-111.9012919,40.677175,0,"4500 S, I-15 N",
Utah/Colorado,-111.9018814,40.6718705,0,"4500 S, I-15 S",
Utah/Colorado,-111.9009478,40.6589985,0,"5300 S, I-15 N",
Utah/Colorado,-111.9025937,40.6501401,0,"5300 S, I-15 S",
Utah/Colorado,-111.9025132,40.6247371,0,"7200 S, I-15 N",
Utah/Colorado,-111.9058455,40.61777,0,"7200 S, I-15 S",
Utah/Colorado,-111.9008647,40.5906175,0,"9000 S, I-15 N",
Utah/Colorado,-111.9005212,40.5850975,0,"9000 S, I-15 S",
Utah/Colorado,-111.8985047,40.5619578,0,"10600 S, I-15 N",
Utah/Colorado,-111.8981704,40.5566123,0,"10600 S, I-15 S",
Utah/Colorado,-111.8950008,40.5470953,0,"11400 S, I-15 N",
Utah/Colorado,-111.8946224,40.5414204,0,"11400 S, I-15 S",
Utah/Colorado,-111.8908374,40.5291242,0,"12300 S, I-15 N",
Utah/Colorado,-111.8915925,40.5244367,0,"12300 S, I-15 S",
Utah/Colorado,-111.8907418,40.5073145,0,"UT-154, I-15 N",
Utah/Colorado,-111.8915863,40.5015224,0,"UT-154, I-15 S",
Utah/Colorado,-111.8962335,40.4859947,0,"14600 S, I-15 N",
Utah/Colorado,-111.9027289,40.4805384,0,"14600 S, I-15 S",
Utah/Colorado,-111.8927419,40.4339138,0,"UT-92, I-15 N",
Utah/Colorado,-111.8766184,40.418835,0,"UT-92, I-15 S",
Utah/Colorado,-111.8858589,40.4276238,0,"Triumph Blvd, I-15 N",
Utah/Colorado,-111.8749361,40.4183853,0,"UT-194, I-15 N",
Utah/Colorado,-111.8677775,40.4125241,0,"UT-194, I-15 S",
Utah/Colorado,-111.8340016,40.3903615,0,"Main St, I-15 N",
Utah/Colorado,-111.8337047,40.387117,0,"Main St, I-15 S",
Utah/Colorado,-111.8198547,40.3779898,0,"UT-145, I-15 N",
Utah/Colorado,-111.8164564,40.3749855,0,"UT-145, I-15 S",
Utah/Colorado,-111.787729,40.3625307,0,"500 E St, I-15 N",
Utah/Colorado,-111.7834046,40.3587108,0,"500 E St, I-15 S",
Utah/Colorado,-111.7705637,40.3515292,0,"600 N, I-15 N",
Utah/Colorado,-111.7667019,40.3480298,0,"600 N, I-15 S",
Utah/Colorado,-111.7334604,40.3277793,0,"1600 N St, I-15 N",
Utah/Colorado,-111.7306056,40.3246848,0,"1600 N St, I-15 S",
Utah/Colorado,-111.7254233,40.3138461,0,"800 N, I-15 N",
Utah/Colorado,-111.7266616,40.3100434,0,"800 N, I-15 S",
Utah/Colorado,-111.7252788,40.2996866,0,"Center St, I-15 N",
Utah/Colorado,-111.7262059,40.2952515,0,"Center St, I-15 S",
Utah/Colorado,-111.7207098,40.2780477,0,"University Pkwy, I-15 N",
Utah/Colorado,-111.7176532,40.2732097,0,"University Pkwy, I-15 S",
Utah/Colorado,-111.6861376,40.235817,0,"UT-114, I-15 N",
Utah/Colorado,-111.6817605,40.2302249,0,"UT-114, I-15 S",
Utah/Colorado,-111.6617788,40.2119028,0,"US-189, I-15 N",
Utah/Colorado,-111.6569295,40.2035979,0,"US-189, I-15 S",
Utah/Colorado,-111.6464033,40.1906958,0,"1400 N, I-15 N",
Utah/Colorado,-111.6469419,40.1850464,0,"1400 N, I-15 S",
Utah/Colorado,-111.6463135,40.1638478,0,"400 S, I-15 N",
Utah/Colorado,-111.6471911,40.1595571,0,"400 S, I-15 S",
Utah/Colorado,-111.9522314,40.6995977,0,"3500 S, I-215 N",
Utah/Colorado,-111.9525803,40.6939775,0,"3500 S, I-215 S",
Utah/Colorado,-111.9522317,40.6700608,0,"4700 S W, I-215 N",
Utah/Colorado,-111.9522014,40.6665575,0,"4700 S E, I-215 N",
Utah/Colorado,-111.9529766,40.6646732,0,"4700 S, I-215 S",
Utah/Colorado,-104.9884901,39.954299,0,"144th Ave, I-25 S",
Utah/Colorado,-104.9883645,39.9405064,0,"136th Ave, I-25 S",
Utah/Colorado,-104.9909951,39.9115135,0,"120th Ave, I-25 S",
Utah/Colorado,-104.9871723,39.8874664,0,"104th Ave, I-25 N",
Utah/Colorado,-104.9878831,39.8835303,0,"104th Ave, I-25 S",
Utah/Colorado,-104.987238,39.8702139,0,"Thornton Pkwy, I-25 N",
Utah/Colorado,-104.9879393,39.8652701,0,"Thornton Pkwy, I-25 S",
Utah/Colorado,-104.9855845,39.8506126,0,"84th Ave, I-25 N",
Utah/Colorado,-104.9853173,39.8462575,0,"84th Ave, I-25 S",
Utah/Colorado,-104.9860739,39.8002236,0,"58th Ave, I-25 S",
Utah/Colorado,-104.9936187,39.7694156,0,"Fox St, I-25 S",
Utah/Colorado,-105.0028169,39.7617991,0,"20th St, I-25 N",
Utah/Colorado,-105.0066488,39.7600811,0,"20th St, I-25 S",
Utah/Colorado,-105.0101227,39.7567396,0,"Speer Blvd W, I-25 N",
Utah/Colorado,-105.0131338,39.7544847,0,"Speer Blvd E, I-25 N",
Utah/Colorado,-105.0151589,39.7540701,0,"Speer Blvd, I-25 S",
Utah/Colorado,-105.0156889,39.7523248,0,"23rd Ave, I-25 N",
Utah/Colorado,-105.0185328,39.7461808,0,"23rd Ave, I-25 S",
Utah/Colorado,-105.0177956,39.7462322,0,"17th Ave, I-25 N",
Utah/Colorado,-105.0147318,39.7426257,0,"Colfax Ave, I-25 N",
Utah/Colorado,-104.9975512,39.7093133,0,"Santa Fe Dr, I-25 N",
Utah/Colorado,-104.9940851,39.7039644,0,"Santa Fe Dr, I-25 S",
Utah/Colorado,-104.9862585,39.7009031,0,"Broadway, I-25 N",
Utah/Colorado,-104.9818492,39.6968736,0,"Washington St, I-25 N",
Utah/Colorado,-104.9720877,39.6888867,0,"Louisiana Ave, I-25 S",
Utah/Colorado,-104.9705176,39.6880511,0,"Downing St, I-25 S",
Utah/Colorado,-104.9620025,39.6853481,0,"University Blvd, I-25 N",
Utah/Colorado,-104.9559025,39.6844833,0,"University Blvd, I-25 S",
Utah/Colorado,-104.9442528,39.6841875,0,"Colorado Blvd, I-25 N",
Utah/Colorado,-104.9415874,39.6828659,0,"Colorado Blvd, I-25 S",
Utah/Colorado,-104.9343516,39.6796163,0,"Evans Ave, I-25 N",
Utah/Colorado,-104.93246,39.6764576,0,"Evans Ave, I-25 S",
Utah/Colorado,-104.9264372,39.6691847,0,"Yale Ave, I-25 N",
Utah/Colorado,-104.9250468,39.6661573,0,"Yale Ave, I-25 S",
Utah/Colorado,-104.9192705,39.6557759,0,"Hampden Ave, I-25 N",
Utah/Colorado,-104.9176589,39.6510566,0,"Hampden Ave, I-25 S",
Utah/Colorado,-104.907437,39.6362888,0,"I-225, I-25 N",
Utah/Colorado,-104.905639,39.6318838,0,Point 123,
Utah/Colorado,-104.9010878,39.622253,0,Point 124,
Utah/Colorado,-104.8937548,39.6109243,0,Point 125,
Utah/Colorado,-104.8927187,39.6076397,0,Point 126,
Utah/Colorado,-104.8860983,39.5976134,0,Point 127,
Utah/Colorado,-104.8838563,39.5938568,0,Point 128,
Utah/Colorado,-104.885592,39.5955354,0,Point 129,
Utah/Colorado,-104.8841132,39.5929131,0,Point 130,
Utah/Colorado,-104.8772794,39.5824542,0,Point 131,
Utah/Colorado,-104.876215,39.5786672,0,Point 132,
Utah/Colorado,-104.8714903,39.5675371,0,Point 133,
Utah/Colorado,-104.8713145,39.5653484,0,Point 134,
Utah/Colorado,-104.8719964,39.5605837,0,Point 135,
Utah/Colorado,-104.8698711,39.5568765,0,"CO-470 E, I-25 N",
Utah/Colorado,-104.8694051,39.5569869,0,"CO-470 W, I-25 N",
Utah/Colorado,-104.8683828,39.5400422,0,Point 138,
Utah/Colorado,-104.8679279,39.5350248,0,Point 139,
Utah/Colorado,-104.8691039,39.5376243,0,Point 140,
Utah/Colorado,-104.8686678,39.5341139,0,Point 141,
Utah/Colorado,-104.8671064,39.5247646,0,Point 142,
Utah/Colorado,-104.8681395,39.5244981,0,Point 143,
Utah/Colorado,-104.8678216,39.5221393,0,Point 144,
Utah/Colorado,-104.8721091,39.4741068,0,Point 145,
Utah/Colorado,-104.872395,39.4709534,0,Point 146,
Utah/Colorado,-104.873272,39.4703427,0,Point 147,
Utah/Colorado,-104.8752026,39.4521892,0,Point 148,
Utah/Colorado,-104.876012,39.4479127,0,Point 149,
Utah/Colorado,-104.8745901,39.4229101,0,Point 150,
Utah/Colorado,-104.8749702,39.4222222,0,Point 151,
Utah/Colorado,-104.8686752,39.4142671,0,Point 152,
Utah/Colorado,-104.8671928,39.4120149,0,Point 153,
Utah/Colorado,-104.8689633,39.4133186,0,Point 154,
Utah/Colorado,-104.8672354,39.4108646,0,Point 155,
Utah/Colorado,-104.8601961,39.3816985,0,Point 156,
Utah/Colorado,-104.8616999,39.3780757,0,Point 157,
Utah/Colorado,-104.864372,39.3688433,0,Point 158,
Utah/Colorado,-104.8667985,39.3636189,0,Point 159,
Utah/Colorado,-105.161967,39.7381947,0,Point 159,
Utah/Colorado,-105.157135,39.7411387,0,Point 160,
Utah/Colorado,-105.1436954,39.7593726,0,Point 161,
Utah/Colorado,-105.1365807,39.7809204,0,Point 162,
Utah/Colorado,-105.1322267,39.7809926,0,Point 163,
Utah/Colorado,-105.1121514,39.7844777,0,Point 164,
Utah/Colorado,-105.1067074,39.7839184,0,Point 165,
Utah/Colorado,-105.0741233,39.7865295,0,Point 166,
Utah/Colorado,-105.0231623,39.7839785,0,Point 167,
Utah/Colorado,-104.977222,39.7792204,0,Point 168,
Utah/Colorado,-104.969169,39.7802454,0,Point 169,
Utah/Colorado,-104.9652735,39.779868,0,Point 170,
Utah/Colorado,-104.9525161,39.7806136,0,Point 171,
Utah/Colorado,-104.9448691,39.7806724,0,Point 172,
Utah/Colorado,-104.9383215,39.7797908,0,Point 173,
Utah/Colorado,-104.9060583,39.7787226,0,Point 174,
Utah/Colorado,-104.901971,39.7780282,0,Point 175,
Utah/Colorado,-104.887938,39.7781456,0,Point 176,
Utah/Colorado,-104.8795417,39.7762698,0,Point 177,
Utah/Colorado,-104.8636733,39.7758853,0,Point 178,
Utah/Colorado,-104.8631291,39.7747981,0,Point 179,
Utah/Colorado,-104.8503525,39.7747326,0,Point 180,
Utah/Colorado,-104.8438058,39.7734996,0,Point 181,
Utah/Colorado,-105.0563373,39.7954906,0,Point 182,
Utah/Colorado,-105.0509661,39.7962994,0,Point 183,
Utah/Colorado,-105.0284332,39.8001721,0,Point 184,
Utah/Colorado,-105.0221005,39.801374,0,Point 185,
Utah/Colorado,-105.0093466,39.8083826,0,Point 186,
Utah/Colorado,-105.0033148,39.8092444,0,Point 187,
Utah/Colorado,-104.9448288,39.8287856,0,Point 188,
Utah/Colorado,-104.9571614,39.8180313,0,Point 189,
Utah/Colorado,-104.934303,39.8016529,0,Point 190,
Utah/Colorado,-104.9021428,39.7855861,0,Point 191,
Utah/Colorado,-104.8250837,39.7479086,0,Point 192,
Utah/Colorado,-104.8256822,39.7418869,0,Point 193,
Utah/Colorado,-104.8256716,39.7381498,0,Point 194,
Utah/Colorado,-104.8245505,39.7285966,0,Point 195,
Utah/Colorado,-104.8256298,39.7235122,0,Point 196,
Utah/Colorado,-104.8262743,39.7133868,0,Point 197,
Utah/Colorado,-104.8275469,39.7083662,0,Point 198,
Utah/Colorado,-104.8288059,39.6993941,0,Point 199,
Utah/Colorado,-104.8294893,39.6949184,0,Point 200,
Utah/Colorado,-104.828297,39.677102,0,Point 201,
Utah/Colorado,-104.8279827,39.6738587,0,Point 202,
Utah/Colorado,-104.8292727,39.6759992,0,Point 203,
Utah/Colorado,-104.82927,39.6721739,0,Point 204,
Utah/Colorado,-104.8403532,39.6595623,0,Point 205,
Utah/Colorado,-104.8505705,39.6560421,0,Point 206,
Utah/Colorado,-104.8824831,39.6403803,0,Point 207,
Utah/Colorado,-104.8883559,39.6375562,0,Point 208,
Utah/Colorado,-104.8964701,39.6355437,0,Point 209,
Utah/Colorado,-105.2286696,39.98352,0,Point 210,
Utah/Colorado,-105.167426,39.958834,0,Point 211,
Utah/Colorado,-105.1637006,39.9566794,0,Point 212,
Utah/Colorado,-105.1299663,39.9363307,0,Point 213,
Utah/Colorado,-105.1239766,39.9330376,0,Point 214,
Utah/Colorado,-105.118755,39.9300916,0,Point 215,
Utah/Colorado,-105.094951,39.9173176,0,Point 216,
Utah/Colorado,-105.0923796,39.9155841,0,Point 217,
Utah/Colorado,-105.091804,39.9143938,0,Point 218,
Utah/Colorado,-105.072814,39.8890758,0,Point 219,
Utah/Colorado,-105.0709439,39.88532,0,Point 220,
Utah/Colorado,-105.0571329,39.8654111,0,Point 221,
Utah/Colorado,-105.0543057,39.8578201,0,Point 222,
Utah/Colorado,-105.0214606,39.8347986,0,Point 223,
Utah/Colorado,-105.0022407,39.8293794,0,Point 224,
Utah/Colorado,-105.1872562,39.6892008,0,Point 225,
Utah/Colorado,-105.1885099,39.6841999,0,Point 226,
Utah/Colorado,-105.1813657,39.6561939,0,Point 227,
Utah/Colorado,-105.1813571,39.65048,0,Point 228,
Utah/Colorado,-105.1574717,39.6294644,0,Point 229,
Utah/Colorado,-105.1570303,39.6279289,0,Point 230,
Utah/Colorado,-105.1511875,39.6114161,0,Point 231,
Utah/Colorado,-105.1536891,39.6072874,0,Point 232,
Utah/Colorado,-105.1422969,39.5804265,0,Point 233,
Utah/Colorado,-105.1408547,39.5759047,0,Point 234,
Utah/Colorado,-105.1135494,39.5605275,0,Point 235,
Utah/Colorado,-105.1073387,39.5597184,0,Point 236,
Utah/Colorado,-105.0891036,39.553794,0,Point 237,
Utah/Colorado,-105.0818165,39.5551908,0,Point 238,
Utah/Colorado,-105.0358328,39.5651059,0,Point 239,
Utah/Colorado,-105.0254853,39.5636483,0,Point 240,
Utah/Colorado,-105.011254,39.5612754,0,Point 241,
Utah/Colorado,-105.0050319,39.5586787,0,Point 242,
Utah/Colorado,-104.9906793,39.563628,0,Point 243,
Utah/Colorado,-104.9843665,39.5647615,0,Point 244,
Utah/Colorado,-104.9636259,39.563807,0,Point 245,
Utah/Colorado,-104.9567877,39.5630882,0,Point 246,
Utah/Colorado,-104.9077315,39.5641989,0,Point 247,
Utah/Colorado,-104.9014165,39.5636297,0,Point 248,
Utah/Colorado,-104.8826758,39.5603506,0,Point 249,
Utah/Colorado,-105.4905111,39.7435813,0,Point 250,
Utah/Colorado,-105.8817576,39.688809,0,Point 251,
Utah/Colorado,-105.0021929,40.5646759,0,Point 252,
Utah/Colorado,-104.991865,40.524821,0,Point 253,
Utah/Colorado,-104.9928328,40.5213211,0,Point 254,
Utah/Colorado,-104.9912559,40.4814691,0,Point 255,
Utah/Colorado,-104.9922856,40.4778098,0,Point 256,
Texas/Louisiana,-95.4271821,29.812431,0,"Ella Blvd, I-610 E",
Texas/Louisiana,-95.4143121,29.8130392,0,"Durham Dr, I-610 W",
Texas/Louisiana,-95.4061283,29.8131388,0,"Yale St, I-610 W",
Texas/Louisiana,-95.4034405,29.8127072,0,"Durham Dr, I-610 E",
Texas/Louisiana,-95.3951318,29.8138022,0,"Main St, I-610 W",
Texas/Louisiana,-95.3898772,29.8137439,0,"Main St, I-610 E",
Texas/Louisiana,-95.3841601,29.8143171,0,"Airline Dr, I-610 W",
Texas/Louisiana,-90.8662291,30.4702069,0,Point 8,
Texas/Louisiana,-90.9204083,30.464447,0,Point 9,
Texas/Louisiana,-90.9538459,30.4553291,0,Point 10,
Texas/Louisiana,-90.9583081,30.455044,0,Point 11,
Texas/Louisiana,-91.004896,30.4427233,0,Point 12,
Texas/Louisiana,-91.0100297,30.4421216,0,Point 13,
Texas/Louisiana,-91.0214041,30.4385985,0,Point 14,
Texas/Louisiana,-91.0229327,30.4389209,0,Point 15,
Texas/Louisiana,-91.0250981,30.4383895,0,Point 16,
Texas/Louisiana,-91.0536984,30.4305604,0,Point 17,
Texas/Louisiana,-91.0586299,30.4301276,0,Point 18,
Texas/Louisiana,-91.0722376,30.424295,0,Point 19,
Texas/Louisiana,-91.0761566,30.4225684,0,Point 20,
Texas/Louisiana,-91.0740434,30.4251389,0,Point 21,
Texas/Louisiana,-91.0781173,30.4229074,0,Point 22,
Texas/Louisiana,-91.0878656,30.4180014,0,Point 23,
Texas/Louisiana,-91.099737,30.4176578,0,Point 24,
Texas/Louisiana,-97.0623162,32.6958291,0,Point 25,
Texas/Louisiana,-97.0624035,32.7085686,0,Point 26,
Texas/Louisiana,-97.0624331,32.7170793,0,Point 27,
Texas/Louisiana,-97.06214,32.7241098,0,Point 28,
Texas/Louisiana,-97.0623773,32.747795,0,Point 29,
Texas/Louisiana,-95.3725925,29.8057065,0,Point 30,
Texas/Louisiana,-95.3723999,29.8018887,0,Point 31,
Texas/Louisiana,-95.3714699,29.7963085,0,Point 32,
Texas/Louisiana,-95.371961,29.7942054,0,Point 33,
Texas/Louisiana,-95.3681058,29.7810099,0,Point 34,
Texas/Louisiana,-95.3320909,29.7247086,0,Point 35,
Texas/Louisiana,-95.3242978,29.7205153,0,Point 36,
Texas/Louisiana,-95.3228869,29.7192208,0,Point 37,
Texas/Louisiana,-95.3183804,29.7173597,0,Point 38,
Texas/Louisiana,-95.3123418,29.7134899,0,Point 39,
Texas/Louisiana,-95.3094554,29.7109231,0,Point 40,
Texas/Louisiana,-95.2741652,29.6823826,0,Point 41,
Texas/Louisiana,-95.2710267,29.6784227,0,Point 42,
Texas/Louisiana,-95.2638198,29.6718326,0,Point 43,
Texas/Louisiana,-95.2586153,29.6640453,0,Point 44,
Texas/Louisiana,-95.2555512,29.6582685,0,Point 45,
Texas/Louisiana,-95.2483972,29.6485095,0,Point 46,
Texas/Louisiana,-95.246662,29.6447878,0,Point 47,
Texas/Louisiana,-95.239768,29.6380767,0,Point 48,
Texas/Louisiana,-95.2327108,29.6308584,0,Point 49,
Texas/Louisiana,-95.2242694,29.6239667,0,Point 50,
Texas/Louisiana,-95.2201229,29.6194261,0,Point 51,
Texas/Louisiana,-95.1941193,29.5958451,0,Point 52,
Texas/Louisiana,-95.4118689,29.9244835,0,Point 53,
Texas/Louisiana,-95.4128543,29.9187953,0,Point 54,
Texas/Louisiana,-95.4121694,29.9098658,0,Point 55,
Texas/Louisiana,-95.4126789,29.9035007,0,Point 56,
Texas/Louisiana,-95.4118816,29.8944857,0,Point 57,
Texas/Louisiana,-95.41248,29.8925839,0,Point 58,
Texas/Louisiana,-95.4122972,29.8829733,0,Point 59,
Texas/Louisiana,-95.4106553,29.8740279,0,Point 60,
Texas/Louisiana,-95.4058192,29.8665781,0,Point 61,
Texas/Louisiana,-95.4047215,29.8632465,0,Point 62,
Texas/Louisiana,-95.400147,29.8563172,0,Point 63,
Texas/Louisiana,-95.395285,29.8485519,0,Point 64,
Texas/Louisiana,-95.3894253,29.8409038,0,Point 65,
Texas/Louisiana,-95.3863952,29.835324,0,Point 66,
Texas/Louisiana,-95.4208402,29.7303046,0,Point 67,
Texas/Louisiana,-95.4249388,29.7307125,0,Point 68,
Texas/Louisiana,-95.4310234,29.7291611,0,Point 69,
Texas/Louisiana,-95.4383821,29.7292548,0,Point 70,
Texas/Louisiana,-95.4732283,29.7255355,0,Point 71,
Texas/Louisiana,-95.4792293,29.7261733,0,Point 72,
Texas/Louisiana,-95.4811675,29.7255069,0,Point 73,
Texas/Louisiana,-95.4952216,29.7198463,0,Point 74,
Texas/Louisiana,-95.5018722,29.7139903,0,Point 75,
Texas/Louisiana,-95.5093421,29.7081093,0,Point 76,
Texas/Louisiana,-95.5203527,29.6976117,0,Point 77,
Texas/Louisiana,-95.5328937,29.6846722,0,Point 78,
Minnesota/Wisconsin,-88.2889824,43.0499794,0,"Meadowbrook Rd, I-94 W",
Minnesota/Wisconsin,-88.2579645,43.0470164,0,"Grandview Blvd, I-94 W",
Minnesota/Wisconsin,-88.2543014,43.0465034,0,"Grandview Blvd, I-94 E",
Minnesota/Wisconsin,-88.2237269,43.0486638,0,"Pewaukee Rd, I-94 E",
Minnesota/Wisconsin,-88.2063532,43.0472078,0,"Redford Blvd, I-94 E",
Minnesota/Wisconsin,-88.1753434,43.0376488,0,"US-18 W, I-94 W",
Minnesota/Wisconsin,-88.1755042,43.0375668,0,"US-18 E, I-94 W",
Minnesota/Wisconsin,-88.1689589,43.0335502,0,"US-18 E, I-94 E",
Minnesota/Wisconsin,-88.1681493,43.0332513,0,"US-18 W, I-94 E",
Minnesota/Wisconsin,-88.1100563,43.0254378,0,"Moorland Rd, I-94 W",
Minnesota/Wisconsin,-88.1036037,43.0242024,0,"Moorland Rd S, I-94 E",
Minnesota/Wisconsin,-88.0523712,43.0310147,0,"WI-100, I-94 W",
Minnesota/Wisconsin,-88.1035939,43.0241071,0,"Moorland Rd N, I-94 E",
Minnesota/Wisconsin,-88.0506287,43.029684,0,"WI-100, I-94 E",
Minnesota/Wisconsin,-88.0201301,43.028379,0,"84th St, I-94 W",
Minnesota/Wisconsin,-88.012227,43.0270536,0,"84th St, I-94 E",
Minnesota/Wisconsin,-88.0021479,43.0297572,0,"70th St, I-94 W",
Minnesota/Wisconsin,-87.9963141,43.0299919,0,"70th St, I-94 E",
Minnesota/Wisconsin,-87.987944,43.0312041,0,"Hawley Rd, I-94 W",
Minnesota/Wisconsin,-87.985773,43.0298375,0,"Hawley Rd, I-94 E",
Minnesota/Wisconsin,-87.9791487,43.0309046,0,"Gen Mitchell Blvd, I-94 W",
Minnesota/Wisconsin,-87.9780166,43.0311191,0,"Gen Mitchell Blvd, I-94 E",
Minnesota/Wisconsin,-87.9683224,43.0332569,0,"WI-175 S, I-94 E",
Minnesota/Wisconsin,-87.9710029,43.0342788,0,"WI-175 S, I-94 W",
Minnesota/Wisconsin,-87.9702897,43.0318404,0,"WI-175 N, I-94 W",
Minnesota/Wisconsin,-87.9695454,43.0320531,0,"WI-175 N, I-94 E",
Minnesota/Wisconsin,-87.9602042,43.0324378,0,"35th St, I-94 W",
Minnesota/Wisconsin,-87.9566199,43.031927,0,"35th St, I-94 E",
Minnesota/Wisconsin,-87.950087,43.0336189,0,"St Paul Ave, I-94 W",
Minnesota/Wisconsin,-87.9443649,43.0353815,0,"St Paul Ave E, I-94 E",
Minnesota/Wisconsin,-87.9442405,43.0353354,0,"St Paul Ave W, I-94 W",
Minnesota/Wisconsin,-87.9262713,43.0359102,0,"Michigan St, I-94 W",
Minnesota/Wisconsin,-87.922277,43.0358554,0,"Clybourn St, I-94 W",
Minnesota/Wisconsin,-87.9118192,43.0350636,0,"2nd St, I-794 W",
Minnesota/Wisconsin,-87.9259303,43.0466717,0,"Kilbourn Ave, I-43 N",
Minnesota/Wisconsin,-87.9258281,43.0466665,0,"Highland Ave, I-43 N",
Minnesota/Wisconsin,-87.9266694,43.0487653,0,"WI-145 W, I-43 S",
Minnesota/Wisconsin,-87.9268006,43.0487731,0,"WI-145 E, I-43 S",
Minnesota/Wisconsin,-87.9250117,43.0515133,0,"WI-145, I-43 N",
Minnesota/Wisconsin,-87.9227652,43.0593164,0,"North Ave, I-43 S",
Minnesota/Wisconsin,-87.9202542,43.0623561,0,"North Ave, I-43 N",
Minnesota/Wisconsin,-87.9212394,43.0699599,0,"Locust St, I-43 S",
Minnesota/Wisconsin,-87.9201491,43.0726944,0,"Locust St, I-43 N",
Minnesota/Wisconsin,-87.9210261,43.0787165,0,"Keefe Ave, I-43 S",
Minnesota/Wisconsin,-87.9199838,43.0835509,0,"Keefe Ave, I-43 N",
Minnesota/Wisconsin,-87.9217862,43.0853068,0,"Doctor M.L.K. Jr Dr, I-43 S",
Minnesota/Wisconsin,-87.923174,43.0916208,0,"Green Bay Ave, I-43 S",
Minnesota/Wisconsin,-87.9184541,43.1026174,0,"Hampton Ave, I-43 S",
Minnesota/Wisconsin,-87.9190832,43.1165113,0,"Silver Spring Dr, I-43 S",
Minnesota/Wisconsin,-87.9382373,42.8707409,0,"Ryan Rd, I-94 E",
Minnesota/Wisconsin,-87.936618,42.8751353,0,"Ryan Rd E, I-94 W",
Minnesota/Wisconsin,-87.9364916,42.8751412,0,"Ryan Rd W, I-94 W",
Minnesota/Wisconsin,-87.9369697,42.9002085,0,"Drexel Ave, I-94 E",
Minnesota/Wisconsin,-87.9355408,42.9036346,0,"Drexel Ave, I-94 W",
Minnesota/Wisconsin,-87.9364837,42.914375,0,"Rawson Ave, I-94 E",
Minnesota/Wisconsin,-87.9351184,42.9191759,0,"Rawson Ave, I-94 W",
Minnesota/Wisconsin,-87.9361109,42.9285518,0,"College Ave, I-94 E",
Minnesota/Wisconsin,-87.9346195,42.932067,0,"College Ave, I-94 W",
Minnesota/Wisconsin,-87.9354946,42.9578135,0,"Layton Ave, I-94 E",
Minnesota/Wisconsin,-87.9334125,42.960678,0,"Layton Ave, I-94 W",
Minnesota/Wisconsin,-88.0471286,42.9549654,0,"108th St S, I-43 N",
Minnesota/Wisconsin,-88.0470303,42.9548781,0,"108th St N, I-43 N",
Minnesota/Wisconsin,-88.0201809,42.9625216,0,"84th St, I-43 S",
Minnesota/Wisconsin,-88.0120247,42.9609634,0,"Forest Home Ave, I-43 N",
Minnesota/Wisconsin,-88.0069204,42.9616807,0,"76th St, I-43 N",
Minnesota/Wisconsin,-87.989995,42.9626585,0,"60th St, I-43 S",
Minnesota/Wisconsin,-87.9868089,42.9620968,0,"60th St, I-43 N",
Minnesota/Wisconsin,-87.9712052,42.9629872,0,"Loomis Rd, I-43 S",
Minnesota/Wisconsin,-87.9671725,42.9609468,0,"Loomis Rd, I-43 N",
Minnesota/Wisconsin,-87.9524995,42.9632706,0,"WI-241 S, I-43 S",
Minnesota/Wisconsin,-87.9492748,42.9624509,0,"WI-241 S, I-43 N",
Minnesota/Wisconsin,-87.9473648,42.9633163,0,"WI-241 N, I-43 S",
Minnesota/Wisconsin,-87.9441412,42.9621166,0,"WI-241 N, I-43 N",
Minnesota/Wisconsin,-87.9164613,42.9723977,0,"Howard Ave, I-94 S",
Minnesota/Wisconsin,-87.9176021,42.9807578,0,"Holt Ave, I-94 S",
Minnesota/Wisconsin,-87.9161929,42.9817263,0,"Howard Ave, I-94 N",
Minnesota/Wisconsin,-87.9153062,42.9835905,0,"Holt Ave, I-94 N",
Minnesota/Wisconsin,-87.9166407,43.0051283,0,"Becher St, I-94 S",
Minnesota/Wisconsin,-87.9157651,43.0149707,0,"Becher St, I-94 N",
Minnesota/Wisconsin,-87.9156775,43.0158423,0,"Lapham Blvd, I-94 N",
Minnesota/Wisconsin,-87.9207398,43.021108,0,"Mineral St, I-94 S",
Minnesota/Wisconsin,-87.9192963,43.0214071,0,"Mineral St, I-94 N",
Minnesota/Wisconsin,-87.9195999,43.0219152,0,"Walker St, I-94 N",
Minnesota/Wisconsin,-88.0395299,42.978536,0,"Beloit Rd, I-41 S",
Minnesota/Wisconsin,-88.0376693,42.9794691,0,"Beloit Rd, I-41 N",
Minnesota/Wisconsin,-88.0377298,42.9895522,0,"Oklahoma Ave, I-41 N",
Minnesota/Wisconsin,-88.0371634,42.9978129,0,"National Ave, I-41 N",
Minnesota/Wisconsin,-88.0397025,42.9994734,0,"National Ave, I-41 S",
Minnesota/Wisconsin,-88.0374439,43.0046873,0,"Lincoln Ave, I-41 N",
Minnesota/Wisconsin,-88.0368732,43.0143241,0,"Greenfield Ave, I-41 S",
Minnesota/Wisconsin,-88.0357399,43.0181007,0,"Greenfield Ave, I-41 N",
Minnesota/Wisconsin,-88.0346181,43.0321061,0,"Blue Mound Rd, I-41 S",
Minnesota/Wisconsin,-88.0326156,43.0366397,0,"Blue Mound Rd, I-41 N",
Minnesota/Wisconsin,-88.0352303,43.0436255,0,"Watertown Plank Rd E, I-41 S",
Minnesota/Wisconsin,-88.0349511,43.0448842,0,"Watertown Plank Rd E, I-41 N",
Minnesota/Wisconsin,-88.0378778,43.0479206,0,"Watertown Plank Rd W, I-41 N",
Minnesota/Wisconsin,-88.0376551,43.0461248,0,"Watertown Plank Rd W, I-41 S",
Minnesota/Wisconsin,-88.0534603,43.0585157,0,"North Ave, I-41 S",
Minnesota/Wisconsin,-88.0526144,43.0617123,0,"North Ave, I-41 N",
Minnesota/Wisconsin,-88.057735,43.0721789,0,"Burleigh St, I-41 S",
Minnesota/Wisconsin,-88.0577934,43.0761685,0,"Burleigh St, I-41 N",
Minnesota/Wisconsin,-88.0579959,43.0874591,0,"US-45 ALT, I-41 S",
Minnesota/Wisconsin,-88.0578644,43.0919916,0,"US-45 ALT, I-41 N",
Minnesota/Wisconsin,-88.0585411,43.1033673,0,"Hampton Ave, I-41 S",
Minnesota/Wisconsin,-88.0574555,43.1067431,0,"Hampton Ave, I-41 N",
Minnesota/Wisconsin,-88.05781,43.1140406,0,"Silver Spring Dr, I-41 S",
Minnesota/Wisconsin,-88.0568946,43.119108,0,"Silver Spring Dr, I-41 N",
Minnesota/Wisconsin,-88.0554517,43.1313361,0,"WI-175, I-41 S",
Minnesota/Wisconsin,-88.0547791,43.1374857,0,"WI-175, I-41 N",
Minnesota/Wisconsin,-88.055336,43.1458404,0,"Good Hope Rd E, I-41 S",
Minnesota/Wisconsin,-88.0553136,43.1484788,0,"Good Hope Rd W, I-41 S",
Minnesota/Wisconsin,-88.054368,43.1487128,0,"Good Hope Rd, I-41 N",
Minnesota/Wisconsin,-88.0605748,43.1572798,0,"WI-145, I-41 S",
Minnesota/Wisconsin,-88.0658064,43.1618174,0,"WI-145, I-41 N",
Minnesota/Wisconsin,-88.0897789,43.1759355,0,"Main St, I-41 S",
Minnesota/Wisconsin,-88.0932876,43.1794596,0,"Main St, I-41 N",
Minnesota/Wisconsin,-88.100143,43.1813269,0,"Pilgrim Rd, I-41 S",
Minnesota/Wisconsin,-88.1213238,43.1913677,0,"County Line Rd, I-41 S",
Minnesota/Wisconsin,-93.4273599,45.0884032,0,"Hemlock Ln, I-94 E",
Minnesota/Wisconsin,-93.4053988,45.084529,0,"US-169 S, I-94 W",
Minnesota/Wisconsin,-93.4005399,45.0834407,0,"US-169 N, I-94 W",
Minnesota/Wisconsin,-93.4039333,45.0827207,0,"US-169 S, I-94 E",
Minnesota/Wisconsin,-93.3991083,45.0816254,0,"US-169 N, I-94 E",
Minnesota/Wisconsin,-93.3910749,45.0802581,0,"Boone Ave, I-94 W",
Minnesota/Wisconsin,-93.388766,45.0786001,0,"Boone Ave, I-94 E",
Minnesota/Wisconsin,-93.372223,45.0789817,0,"Bottineau Blvd, I-94 W",
Minnesota/Wisconsin,-93.3693534,45.0774952,0,"Bottineau Blvd, I-94 E",
Minnesota/Wisconsin,-93.335621,45.076215,0,"Brooklyn Blvd, I-94 W",
Minnesota/Wisconsin,-93.3296657,45.0755611,0,"Brooklyn Blvd, I-94 E",
Minnesota/Wisconsin,-93.3098873,45.0725723,0,"Shingle Creek Pkwy, I-94 W",
Minnesota/Wisconsin,-93.3036207,45.0689578,0,"Shingle Creek Pkwy, I-94 E",
Minnesota/Wisconsin,-93.3036651,45.0692446,0,"Shingle Creek Pkwy, I-694 E",
Minnesota/Wisconsin,-93.2852652,45.0429919,0,"53rd Ave, I-94 E",
Minnesota/Wisconsin,-93.2853489,45.0420787,0,"49th Ave, I-94 E",
Minnesota/Wisconsin,-93.2841632,45.0218674,0,"Dowling Ave, I-94 E",
Minnesota/Wisconsin,-93.2834888,44.9967859,0,"Broadway, I-94 E",
Minnesota/Wisconsin,-93.2876789,44.9815462,0,"Olson Mem Hwy, I-94 E",
Minnesota/Wisconsin,-93.285526,44.9641748,0,"Hennepin Ave, I-94 E",
Minnesota/Wisconsin,-93.2855189,44.9640859,0,"Lyndale Ave, I-94 E",
Minnesota/Wisconsin,-93.2721322,44.9668669,0,"16th St, I-94 W",
Minnesota/Wisconsin,-93.2521052,44.9671467,0,"South 6th St, I-94 E",
Minnesota/Wisconsin,-93.2460965,44.9650381,0,"Cedar Ave, I-94 E",
Minnesota/Wisconsin,-93.2385971,44.9645603,0,Point 143,
Minnesota/Wisconsin,-93.2297861,44.9643086,0,Point 144,
Minnesota/Wisconsin,-93.2232996,44.9676249,0,Point 145,
Minnesota/Wisconsin,-93.2223372,44.9666225,0,Point 146,
Minnesota/Wisconsin,-93.1951848,44.957475,0,Point 147,
Minnesota/Wisconsin,-93.1906637,44.9551156,0,Point 148,
Minnesota/Wisconsin,-93.1698893,44.952093,0,Point 149,
Minnesota/Wisconsin,-93.1604204,44.9515141,0,Point 150,
Minnesota/Wisconsin,-93.1488304,44.9520126,0,Point 151,
Minnesota/Wisconsin,-93.1436989,44.9514643,0,Point 152,
Minnesota/Wisconsin,-93.1309948,44.9519672,0,Point 153,
Minnesota/Wisconsin,-93.123596,44.9515025,0,Point 154,
Minnesota/Wisconsin,-93.1117711,44.9512747,0,Point 155,
Minnesota/Wisconsin,-93.107441,44.9506328,0,Point 156,
Minnesota/Wisconsin,-93.1034163,44.9504664,0,Point 157,
Minnesota/Wisconsin,-93.1020852,44.9499972,0,Point 158,
Minnesota/Wisconsin,-93.0925462,44.9534816,0,Point 159,
Minnesota/Wisconsin,-93.092237,44.954151,0,Point 160,
Minnesota/Wisconsin,-93.0919783,44.9564286,0,Point 161,
Minnesota/Wisconsin,-93.0902206,44.9549017,0,Point 162,
Minnesota/Wisconsin,-93.0852457,44.9518929,0,Point 163,
Minnesota/Wisconsin,-93.0765316,44.955528,0,Point 164,
Minnesota/Wisconsin,-93.0353113,44.9521346,0,Point 165,
Minnesota/Wisconsin,-92.9321534,44.9495567,0,Point 166,
Minnesota/Wisconsin,-92.9063468,44.9490239,0,Point 167,
Minnesota/Wisconsin,-92.8659819,44.94913,0,Point 168,
Minnesota/Wisconsin,-93.1648684,45.158731,0,Point 169,
Minnesota/Wisconsin,-93.1874897,45.1405748,0,Point 170,
Minnesota/Wisconsin,-93.1893912,45.1260252,0,Point 171,
Minnesota/Wisconsin,-93.189644,45.1259003,0,Point 172,
Minnesota/Wisconsin,-93.1877586,45.0972554,0,Point 173,
Minnesota/Wisconsin,-93.1881559,45.0879125,0,Point 174,
Minnesota/Wisconsin,-93.185329,45.0813877,0,Point 175,
Minnesota/Wisconsin,-93.1859859,45.0772965,0,Point 176,
Minnesota/Wisconsin,-93.1895928,45.0371555,0,Point 177,
Minnesota/Wisconsin,-93.191552,45.0336651,0,Point 178,
Minnesota/Wisconsin,-93.2093651,45.0050452,0,Point 179,
Minnesota/Wisconsin,-93.214794,45.0033418,0,Point 180,
Minnesota/Wisconsin,-93.2234128,45.0005679,0,Point 181,
Minnesota/Wisconsin,-93.233205,45.0029203,0,Point 182,
Minnesota/Wisconsin,-93.2363291,45.0020952,0,Point 183,
Minnesota/Wisconsin,-93.1866458,45.0125773,0,Point 184,
Minnesota/Wisconsin,-93.1864862,45.0125958,0,Point 185,
Minnesota/Wisconsin,-93.2366937,44.9897482,0,Point 186,
Minnesota/Wisconsin,-93.2416709,44.9840755,0,Point 187,
Minnesota/Wisconsin,-93.2443188,44.9817805,0,Point 188,
Minnesota/Wisconsin,-93.2481889,44.9745087,0,Point 189,
Minnesota/Wisconsin,-93.2510263,44.973259,0,Point 190,
Minnesota/Wisconsin,-93.2512565,44.9734367,0,Point 191,
Minnesota/Wisconsin,-93.2524032,44.9714442,0,Point 192,
Minnesota/Wisconsin,-93.2752056,44.9449554,0,Point 193,
Minnesota/Wisconsin,-93.2742714,44.9414089,0,Point 194,
Minnesota/Wisconsin,-93.2750944,44.9361077,0,Point 195,
Minnesota/Wisconsin,-93.2742544,44.9225527,0,Point 196,
Minnesota/Wisconsin,-93.2753244,44.9165237,0,Point 197,
Minnesota/Wisconsin,-93.2743833,44.9048862,0,Point 198,
Minnesota/Wisconsin,-93.2754198,44.9006589,0,Point 199,
Minnesota/Wisconsin,-93.2745217,44.8958982,0,Point 200,
Minnesota/Wisconsin,-93.2844319,44.8898015,0,Point 201,
Minnesota/Wisconsin,-93.291857,44.8906286,0,Point 202,
Minnesota/Wisconsin,-93.2971357,44.8906152,0,Point 203,
Minnesota/Wisconsin,-93.2960905,44.8892788,0,Point 204,
Minnesota/Wisconsin,-93.2962374,44.8892803,0,Point 205,
Minnesota/Wisconsin,-93.2954887,44.885308,0,Point 206,
Minnesota/Wisconsin,-93.2964084,44.8817923,0,Point 207,
Minnesota/Wisconsin,-93.2985302,44.8662082,0,Point 208,
Minnesota/Wisconsin,-93.2975659,44.8562623,0,Point 209,
Minnesota/Wisconsin,-93.2986175,44.8542467,0,Point 210,
Minnesota/Wisconsin,-93.2978483,44.8417169,0,Point 211,
Minnesota/Wisconsin,-93.2986281,44.8398073,0,Point 212,
Minnesota/Wisconsin,-93.2951556,44.8344443,0,Point 213,
Minnesota/Wisconsin,-93.2946813,44.8321863,0,Point 214,
Minnesota/Wisconsin,-93.2913782,44.8275761,0,Point 215,
Minnesota/Wisconsin,-93.2917601,44.8248613,0,Point 216,
Minnesota/Wisconsin,-93.291864,44.8248527,0,Point 217,
Minnesota/Wisconsin,-93.291106,44.8138256,0,Point 218,
Minnesota/Wisconsin,-93.291866,44.8105361,0,Point 219,
Minnesota/Wisconsin,-93.2881734,44.7856642,0,Point 220,
Minnesota/Wisconsin,-93.2868098,44.7765512,0,Point 221,
Minnesota/Wisconsin,-93.2876425,44.7741867,0,Point 222,
Minnesota/Wisconsin,-93.2877775,44.7688023,0,Point 223,
Minnesota/Wisconsin,-93.2826435,44.7469292,0,Point 224,
Minnesota/Wisconsin,-93.2816539,44.7163835,0,Point 225,
Minnesota/Wisconsin,-93.030094,45.1663621,0,Point 226,
Minnesota/Wisconsin,-93.0318355,45.1590331,0,Point 227,
Minnesota/Wisconsin,-93.0501857,45.1224212,0,Point 228,
Minnesota/Wisconsin,-93.0523375,45.0809358,0,Point 229,
Minnesota/Wisconsin,-93.0533151,45.0774043,0,Point 230,
Minnesota/Wisconsin,-93.0577623,45.052105,0,Point 231,
Minnesota/Wisconsin,-93.0602394,45.0486282,0,Point 232,
Minnesota/Wisconsin,-93.0892744,45.0249719,0,Point 233,
Minnesota/Wisconsin,-93.0903351,45.0217248,0,Point 234,
Minnesota/Wisconsin,-93.0891822,45.0008549,0,Point 235,
Minnesota/Wisconsin,-93.0899192,44.997733,0,Point 236,
Minnesota/Wisconsin,-93.0890129,44.9938582,0,Point 237,
Minnesota/Wisconsin,-93.0894567,44.9875326,0,Point 238,
Minnesota/Wisconsin,-93.0883186,44.9794911,0,Point 239,
Minnesota/Wisconsin,-93.0891284,44.9749097,0,Point 240,
Minnesota/Wisconsin,-93.0881293,44.9686134,0,Point 241,
Minnesota/Wisconsin,-93.0894876,44.96807,0,Point 242,
Minnesota/Wisconsin,-93.1059878,44.9459095,0,Point 243,
Minnesota/Wisconsin,-93.115731,44.9401755,0,Point 244,
Minnesota/Wisconsin,-93.1249637,44.9351058,0,Point 245,
Minnesota/Wisconsin,-93.1336187,44.931344,0,Point 246,
Minnesota/Wisconsin,-93.1428617,44.9293646,0,Point 247,
Minnesota/Wisconsin,-93.1453622,44.9245913,0,Point 248,
Minnesota/Wisconsin,-93.1440015,44.9151541,0,Point 249,
Minnesota/Wisconsin,-93.1445608,44.9133243,0,Point 250,
Minnesota/Wisconsin,-93.1436469,44.9093899,0,Point 251,
Minnesota/Wisconsin,-93.1348861,44.9007032,0,Point 252,
Minnesota/Wisconsin,-93.1348048,44.8994448,0,Point 253,
Minnesota/Wisconsin,-93.1350094,44.8859916,0,Point 254,
Minnesota/Wisconsin,-93.141058,44.8814023,0,Point 255,
Minnesota/Wisconsin,-93.150919,44.8499436,0,Point 256,
Minnesota/Wisconsin,-93.1601281,44.8378164,0,Point 257,
Minnesota/Wisconsin,-93.1617843,44.8357159,0,Point 258,
Minnesota/Wisconsin,-93.1648915,44.8315898,0,Point 259,
Minnesota/Wisconsin,-93.1880598,44.8066843,0,Point 260,
Minnesota/Wisconsin,-93.1993078,44.792091,0,Point 261,
Minnesota/Wisconsin,-93.2447282,44.7607546,0,Point 262,
Minnesota/Wisconsin,-93.2734643,44.7454774,0,Point 263,
Minnesota/Wisconsin,-93.498782,44.9749578,0,Point 264,
Minnesota/Wisconsin,-93.4915309,44.9708553,0,Point 265,
Minnesota/Wisconsin,-93.4443711,44.9713453,0,Point 266,
Minnesota/Wisconsin,-93.4421354,44.9703348,0,Point 267,
Minnesota/Wisconsin,-93.4311686,44.9706237,0,Point 268,
Minnesota/Wisconsin,-93.4194661,44.971497,0,Point 269,
Minnesota/Wisconsin,-93.4183826,44.9707401,0,Point 270,
Minnesota/Wisconsin,-93.4045136,44.9733224,0,Point 271,
Minnesota/Wisconsin,-93.4045271,44.9734064,0,Point 272,
Minnesota/Wisconsin,-93.3895274,44.9731045,0,Point 273,
Minnesota/Wisconsin,-93.3725104,44.9716139,0,Point 274,
Minnesota/Wisconsin,-93.3687604,44.9710612,0,Point 275,
Minnesota/Wisconsin,-93.3552839,44.9707789,0,Point 276,
Minnesota/Wisconsin,-93.3552832,44.9706973,0,Point 277,
Minnesota/Wisconsin,-93.3388079,44.9703426,0,Point 278,
Minnesota/Wisconsin,-93.3355217,44.9701775,0,Point 279,
Minnesota/Wisconsin,-93.3100019,44.9704546,0,Point 280,
Minnesota/Wisconsin,-93.3064646,44.969504,0,Point 281,
Minnesota/Wisconsin,-93.2959033,44.972197,0,Point 282,
Minnesota/Wisconsin,-93.2832427,44.9757021,0,Point 283,
Minnesota/Wisconsin,-93.2805302,44.9790684,0,Point 284,
Minnesota/Wisconsin,-93.4465759,45.0687555,0,Point 285,
Minnesota/Wisconsin,-93.4487592,45.0655459,0,Point 286,
Minnesota/Wisconsin,-93.4520615,45.0297585,0,Point 287,
Minnesota/Wisconsin,-93.453437,45.0272755,0,Point 288,
Minnesota/Wisconsin,-93.4565249,45.0121929,0,Point 289,
Minnesota/Wisconsin,-93.4580137,45.0096281,0,Point 290,
Minnesota/Wisconsin,-93.457305,44.9983511,0,Point 291,
Minnesota/Wisconsin,-93.4590962,44.9949979,0,Point 292,
Minnesota/Wisconsin,-93.4593272,44.9855249,0,Point 293,
Minnesota/Wisconsin,-93.4605137,44.9809469,0,Point 294,
Minnesota/Wisconsin,-93.4551807,44.9426831,0,Point 295,
Minnesota/Wisconsin,-93.4568252,44.9421864,0,Point 296,
Minnesota/Wisconsin,-93.4511588,44.9271006,0,Point 297,
Minnesota/Wisconsin,-93.4503124,44.9239634,0,Point 298,
Minnesota/Wisconsin,-93.4528488,44.9259631,0,Point 299,
Minnesota/Wisconsin,-93.4519676,44.9230953,0,Point 300,
Minnesota/Wisconsin,-93.443335,44.893837,0,Point 301,
Minnesota/Wisconsin,-93.4436139,44.8892293,0,Point 302,
Minnesota/Wisconsin,-93.433656,44.8720851,0,Point 303,
Minnesota/Wisconsin,-93.4313066,44.8673945,0,Point 304,
Minnesota/Wisconsin,-93.4264411,44.8640137,0,Point 305,
Minnesota/Wisconsin,-93.4319614,44.8659528,0,Point 306,
Minnesota/Wisconsin,-93.4278826,44.8628204,0,Point 307,
Minnesota/Wisconsin,-93.4229055,44.8613323,0,Point 308,
Minnesota/Wisconsin,-93.4174557,44.8593758,0,Point 309,
Minnesota/Wisconsin,-93.3930956,44.8603949,0,Point 310,
Minnesota/Wisconsin,-93.3958062,44.8586377,0,Point 311,
Minnesota/Wisconsin,-93.3907905,44.8591663,0,Point 312,
Minnesota/Wisconsin,-93.3525301,44.8595042,0,Point 313,
Minnesota/Wisconsin,-93.3487059,44.8593036,0,Point 314,
Minnesota/Wisconsin,-93.3482848,44.8582328,0,Point 315,
Minnesota/Wisconsin,-93.3310808,44.8587373,0,Point 316,
Minnesota/Wisconsin,-93.3271801,44.8599616,0,Point 317,
Minnesota/Wisconsin,-93.3306236,44.8579397,0,Point 318,
Minnesota/Wisconsin,-93.3266525,44.8592763,0,Point 319,
Minnesota/Wisconsin,-93.3110084,44.8622356,0,Point 320,
Minnesota/Wisconsin,-93.3067004,44.8615791,0,Point 321,
Minnesota/Wisconsin,-93.3009423,44.8622679,0,Point 322,
Minnesota/Wisconsin,-93.2998104,44.8613397,0,Point 323,
Minnesota/Wisconsin,-93.2961418,44.861373,0,Point 324,
Minnesota/Wisconsin,-93.2906238,44.8622151,0,Point 325,
Minnesota/Wisconsin,-93.2861613,44.8615581,0,Point 326,
Minnesota/Wisconsin,-93.2802611,44.8620481,0,Point 327,
Minnesota/Wisconsin,-93.2765574,44.8613891,0,Point 328,
Minnesota/Wisconsin,-93.2693265,44.862363,0,Point 329,
Minnesota/Wisconsin,-93.2563223,44.8619578,0,Point 330,
Minnesota/Wisconsin,-93.2486416,44.8635668,0,Point 331,
Minnesota/Wisconsin,-93.2485705,44.8635064,0,Point 332,
Minnesota/Wisconsin,-93.2405475,44.8624745,0,Point 333,
Minnesota/Wisconsin,-93.225795,44.8624046,0,Point 334,
Minnesota/Wisconsin,-93.2876311,45.068884,0,Point 335,
Minnesota/Wisconsin,-93.2844091,45.0687451,0,Point 336,
Minnesota/Wisconsin,-93.2763387,45.069867,0,Point 337,
Minnesota/Wisconsin,-93.2764534,45.0698911,0,Point 338,
Minnesota/Wisconsin,-93.2762779,45.0685186,0,Point 339,
Minnesota/Wisconsin,-93.2650753,45.0692505,0,Point 340,
Minnesota/Wisconsin,-93.2651403,45.0693533,0,Point 341,
Minnesota/Wisconsin,-93.2612691,45.0683185,0,Point 342,
Minnesota/Wisconsin,-93.2505055,45.0684009,0,Point 343,
Minnesota/Wisconsin,-93.2460541,45.0680015,0,Point 344,
Minnesota/Wisconsin,-93.2492107,45.0671789,0,Point 345,
Minnesota/Wisconsin,-93.2443721,45.0667158,0,Point 346,
Minnesota/Wisconsin,-93.2201135,45.0648124,0,Point 347,
Minnesota/Wisconsin,-93.2167239,45.0641498,0,Point 348,
Minnesota/Wisconsin,-93.2040511,45.0654297,0,Point 349,
Minnesota/Wisconsin,-93.2004411,45.065466,0,Point 350,
Minnesota/Wisconsin,-93.1498896,45.060642,0,Point 351,
Minnesota/Wisconsin,-93.1451616,45.0586967,0,Point 352,
Minnesota/Wisconsin,-93.1300527,45.0564447,0,Point 353,
Minnesota/Wisconsin,-93.1287008,45.0552235,0,Point 354,
Minnesota/Wisconsin,-93.0405558,45.0371314,0,Point 355,
Minnesota/Wisconsin,-93.014279,45.0370106,0,Point 356,
Minnesota/Wisconsin,-92.983193,45.033478,0,Point 357,
Minnesota/Wisconsin,-92.9642672,45.0304203,0,Point 358,
Minnesota/Wisconsin,-92.9623681,45.0280411,0,Point 359,
Minnesota/Wisconsin,-93.4205434,45.1298432,0,Point 360,
Minnesota/Wisconsin,-93.3852514,45.1294461,0,Point 361,
Minnesota/Wisconsin,-93.3743774,45.1305652,0,Point 362,
Minnesota/Wisconsin,-93.3723879,45.1290328,0,Point 363,
Minnesota/Wisconsin,-93.3600275,45.1292931,0,Point 364,
Minnesota/Wisconsin,-93.3527356,45.1265132,0,Point 365,
Minnesota/Wisconsin,-93.339094,45.1251421,0,Point 366,
Minnesota/Wisconsin,-93.3318799,45.12342,0,Point 367,
Minnesota/Wisconsin,-93.2939749,45.1366798,0,Point 368,
Minnesota/Wisconsin,-93.2822612,45.1425701,0,Point 369,
Minnesota/Wisconsin,-93.2647704,45.143663,0,Point 370,
Minnesota/Wisconsin,-93.2625729,45.1412982,0,Point 371,
Minnesota/Wisconsin,-93.2380946,45.1352275,0,Point 372,
Minnesota/Wisconsin,-93.2371912,45.1333434,0,Point 373,
Minnesota/Wisconsin,-93.2318117,45.1325803,0,Point 374,
Minnesota/Wisconsin,-93.2158816,45.127295,0,Point 375,
Minnesota/Wisconsin,-93.2159153,45.1258227,0,Point 376,
Minnesota/Wisconsin,-93.2727385,45.1498399,0,Point 377,
Minnesota/Wisconsin,-93.2757182,45.1525335,0,Point 378,
Minnesota/Wisconsin,-93.276139,45.1548852,0,Point 379,
Minnesota/Wisconsin,-93.31129,45.1798166,0,Point 380,
Minnesota/Wisconsin,-93.3184769,45.1835693,0,Point 381,
Minnesota/Wisconsin,-93.3378784,45.1946159,0,Point 382,
Minnesota/Wisconsin,-93.3555591,45.2038805,0,Point 383,
Minnesota/Wisconsin,-93.3598296,45.2037667,0,Point 384,
Minnesota/Wisconsin,-93.3755882,45.2041069,0,Point 385,
Minnesota/Wisconsin,-93.3883747,45.2047013,0,Point 386,
Minnesota/Wisconsin,-93.3984972,45.2051093,0,Point 387,
Minnesota/Wisconsin,-93.4116933,45.2113096,0,Point 388,
Minnesota/Wisconsin,-93.4270594,45.2191795,0,Point 389,
Minnesota/Wisconsin,-93.4028648,45.0956121,0,Point 390,
Minnesota/Wisconsin,-93.4028745,45.0920703,0,Point 391,
Minnesota/Wisconsin,-93.4015491,45.0700533,0,Point 392,
Minnesota/Wisconsin,-93.4004003,45.0601126,0,Point 393,
Minnesota/Wisconsin,-93.4003705,45.0567169,0,Point 394,
Minnesota/Wisconsin,-93.4020769,45.0592025,0,Point 395,
Minnesota/Wisconsin,-93.4016262,45.0561591,0,Point 396,
Minnesota/Wisconsin,-93.400535,45.0454722,0,Point 397,
Minnesota/Wisconsin,-93.4013149,45.0427631,0,Point 398,
Minnesota/Wisconsin,-93.4004565,45.0359579,0,Point 399,
Minnesota/Wisconsin,-93.4014265,45.0344353,0,Point 400,
Minnesota/Wisconsin,-93.400482,45.0236332,0,Point 401,
Minnesota/Wisconsin,-93.4012016,45.0210909,0,Point 402,
Minnesota/Wisconsin,-93.4005836,45.0091206,0,Point 403,
Minnesota/Wisconsin,-93.4015182,45.0085042,0,Point 404,
Minnesota/Wisconsin,-93.4005628,44.9943326,0,Point 405,
Minnesota/Wisconsin,-93.4010078,44.9902422,0,Point 406,
Minnesota/Wisconsin,-93.4002166,44.9847557,0,Point 407,
Minnesota/Wisconsin,-93.3995921,44.9819757,0,Point 408,
Minnesota/Wisconsin,-93.4014318,44.9843627,0,Point 409,
Minnesota/Wisconsin,-93.4012355,44.9812743,0,Point 410,
Minnesota/Wisconsin,-93.3998219,44.978378,0,Point 411,
Minnesota/Wisconsin,-93.4010329,44.9782179,0,Point 412,
Minnesota/Wisconsin,-93.399987,44.9753583,0,Point 413,
Minnesota/Wisconsin,-93.3998808,44.9721903,0,Point 414,
Minnesota/Wisconsin,-93.4013019,44.9745687,0,Point 415,
Minnesota/Wisconsin,-93.4011097,44.971458,0,Point 416,
Minnesota/Wisconsin,-93.4003215,44.9531885,0,Point 417,
Minnesota/Wisconsin,-93.4010561,44.953009,0,Point 418,
Minnesota/Wisconsin,-93.4002142,44.9476021,0,Point 419,
Minnesota/Wisconsin,-93.4007819,44.9448076,0,Point 420,
Minnesota/Wisconsin,-93.3972919,44.9408292,0,Point 421,
Minnesota/Wisconsin,-93.3961008,44.936587,0,Point 422,
Minnesota/Wisconsin,-93.3973916,44.9356621,0,Point 423,
Minnesota/Wisconsin,-93.3975974,44.9321536,0,Point 424,
Minnesota/Wisconsin,-93.3999754,44.9262994,0,Point 425,
Minnesota/Wisconsin,-93.4020823,44.9243225,0,Point 426,
Minnesota/Wisconsin,-93.4009001,44.9146858,0,Point 427,
Minnesota/Wisconsin,-93.4015003,44.9120818,0,Point 428,
Minnesota/Wisconsin,-93.4010433,44.9005675,0,Point 429,
Minnesota/Wisconsin,-93.4018506,44.8976078,0,Point 430,
Minnesota/Wisconsin,-93.3991042,44.8927627,0,Point 431,
Minnesota/Wisconsin,-93.3982841,44.8893942,0,Point 432,
Minnesota/Wisconsin,-93.3962664,44.8742149,0,Point 433,
Minnesota/Wisconsin,-93.3972749,44.8719492,0,Point 434,
Minnesota/Wisconsin,-93.3945793,44.8564324,0,Point 435,
Minnesota/Wisconsin,-93.3979517,44.8385162,0,Point 436,
Minnesota/Wisconsin,-93.3993122,44.8383222,0,Point 437,
Minnesota/Wisconsin,-93.3978935,44.8201543,0,Point 438,
Minnesota/Wisconsin,-93.3991558,44.8169456,0,Point 439,
Minnesota/Wisconsin,-93.4662371,44.7820379,0,Point 440,
Minnesota/Wisconsin,-93.5010455,44.7781116,0,Point 441,
Minnesota/Wisconsin,-93.3049165,45.0608451,0,Point 442,
Minnesota/Wisconsin,-93.320412,45.0516279,0,Point 443,
Minnesota/Wisconsin,-93.3275627,45.0445858,0,Point 444,
Minnesota/Wisconsin,-93.3333571,45.0411137,0,Point 445,
Minnesota/Wisconsin,-93.3406895,45.0373677,0,Point 446,
Minnesota/Wisconsin,-93.3443821,45.0356096,0,Point 447,
Minnesota/Wisconsin,-93.3482844,45.0300675,0,Point 448,
Minnesota/Wisconsin,-93.347554,45.022881,0,Point 449,
Minnesota/Wisconsin,-93.3498634,45.0182258,0,Point 450,
Minnesota/Wisconsin,-93.3488207,45.0014179,0,Point 451,
Minnesota/Wisconsin,-93.3499304,44.9969055,0,Point 452,
Minnesota/Wisconsin,-93.3488759,44.986721,0,Point 453,
Minnesota/Wisconsin,-93.3492475,44.9823947,0,Point 454,
Minnesota/Wisconsin,-93.3455513,44.9785276,0,Point 455,
Minnesota/Wisconsin,-93.3424583,44.9753586,0,Point 456,
Minnesota/Wisconsin,-93.3391326,44.971934,0,Point 457,
Minnesota/Wisconsin,-93.3430562,44.9693988,0,Point 458,
Minnesota/Wisconsin,-93.344621,44.9636356,0,Point 459,
Minnesota/Wisconsin,-93.3426538,44.9662856,0,Point 460,
Minnesota/Wisconsin,-93.3473346,44.9496756,0,Point 461,
Minnesota/Wisconsin,-93.3483803,44.9475752,0,Point 462,
Minnesota/Wisconsin,-93.3469135,44.9430903,0,Point 463,
Minnesota/Wisconsin,-93.3488011,44.9418841,0,Point 464,
Minnesota/Wisconsin,-93.3489386,44.9364878,0,Point 465,
Minnesota/Wisconsin,-93.3506188,44.9351919,0,Point 466,
Minnesota/Wisconsin,-93.3494568,44.9364802,0,Point 467,
Minnesota/Wisconsin,-93.3503891,44.9285142,0,Point 468,
Minnesota/Wisconsin,-93.3502829,44.9135157,0,Point 469,
Minnesota/Wisconsin,-93.3502182,44.9111961,0,Point 470,
Minnesota/Wisconsin,-93.3508509,44.9088919,0,Point 471,
Minnesota/Wisconsin,-93.3496106,44.8978083,0,Point 472,
Minnesota/Wisconsin,-93.349585,44.891716,0,Point 473,
Minnesota/Wisconsin,-93.3492879,44.888063,0,Point 474,
Minnesota/Wisconsin,-93.3511247,44.8909667,0,Point 475,
Minnesota/Wisconsin,-93.3505592,44.8878669,0,Point 476,
Minnesota/Wisconsin,-93.3500799,44.8781595,0,Point 477,
Minnesota/Wisconsin,-93.3508992,44.8743207,0,Point 478,
Minnesota/Wisconsin,-93.3496401,44.8661888,0,Point 479,
Minnesota/Wisconsin,-93.3506592,44.8650851,0,Point 480,
Minnesota/Wisconsin,-93.5992688,44.8160635,0,Point 481,
Minnesota/Wisconsin,-93.549575,44.834749,0,Point 482,
Minnesota/Wisconsin,-93.5358207,44.8432885,0,Point 483,
Minnesota/Wisconsin,-93.5014887,44.8492501,0,Point 484,
Minnesota/Wisconsin,-93.4831256,44.8521945,0,Point 485,
Minnesota/Wisconsin,-93.4570421,44.8613693,0,Point 486,
Minnesota/Wisconsin,-93.4470986,44.8616879,0,Point 487,
Minnesota/Wisconsin,-93.4440439,44.8610156,0,Point 488,
Minnesota/Wisconsin,-93.4172557,44.8667887,0,Point 489,
Minnesota/Wisconsin,-93.4142274,44.8797977,0,Point 490,
Minnesota/Wisconsin,-93.4112112,44.8832423,0,Point 491,
Minnesota/Wisconsin,-93.4009392,44.8897514,0,Point 492,
Minnesota/Wisconsin,-93.3971564,44.8899224,0,Point 493,
Minnesota/Wisconsin,-93.3904346,44.8902548,0,Point 494,
Minnesota/Wisconsin,-93.3840444,44.8889611,0,Point 495,
Minnesota/Wisconsin,-93.3719221,44.8881275,0,Point 496,
Minnesota/Wisconsin,-93.3677576,44.887102,0,Point 497,
Minnesota/Wisconsin,-93.3528097,44.8902242,0,Point 498,
Minnesota/Wisconsin,-93.3485115,44.8899082,0,Point 499,
Minnesota/Wisconsin,-93.3517122,44.8892616,0,Point 500,
Minnesota/Wisconsin,-93.3470812,44.888262,0,Point 501,
Minnesota/Wisconsin,-93.3355029,44.8872485,0,Point 502,
Minnesota/Wisconsin,-93.3307489,44.8872029,0,Point 503,
Minnesota/Wisconsin,-93.3267706,44.887303,0,Point 504,
Minnesota/Wisconsin,-93.3204685,44.890977,0,Point 505,
Minnesota/Wisconsin,-93.3175244,44.8905432,0,Point 506,
Minnesota/Wisconsin,-93.3108238,44.8909722,0,Point 507,
Minnesota/Wisconsin,-93.3071739,44.8904632,0,Point 508,
Minnesota/Wisconsin,-93.2716866,44.890863,0,Point 509,
Minnesota/Wisconsin,-93.2664213,44.8905022,0,Point 510,
Minnesota/Wisconsin,-93.2353166,44.8977359,0,Point 511,
Minnesota/Wisconsin,-93.2249017,44.8977472,0,Point 512,
Minnesota/Wisconsin,-93.246488,44.8856559,0,Point 513,
Minnesota/Wisconsin,-93.2472522,44.8812956,0,Point 514,
Minnesota/Wisconsin,-93.2474367,44.8754496,0,Point 515,
Minnesota/Wisconsin,-93.2457625,44.8433046,0,Point 516,
Minnesota/Wisconsin,-93.2454755,44.8412406,0,Point 517,
Minnesota/Wisconsin,-93.1881832,45.0095626,0,Point 518,
Minnesota/Wisconsin,-93.1853867,45.0097524,0,Point 519,
Minnesota/Wisconsin,-93.1750447,45.0109077,0,Point 520,
Minnesota/Wisconsin,-93.1740758,45.0096964,0,Point 521,
Minnesota/Wisconsin,-93.1686503,45.0108076,0,Point 522,
Minnesota/Wisconsin,-93.165016,45.0107982,0,Point 523,
Minnesota/Wisconsin,-93.1678207,45.0095848,0,Point 524,
Minnesota/Wisconsin,-93.1644159,45.0096115,0,Point 525,
Minnesota/Wisconsin,-93.1592475,45.0096777,0,Point 526,
Minnesota/Wisconsin,-93.1541957,45.0110109,0,Point 527,
Minnesota/Wisconsin,-93.1479255,45.0107889,0,Point 528,
Minnesota/Wisconsin,-93.1447484,45.0101169,0,Point 529,
Minnesota/Wisconsin,-93.1314786,45.0099813,0,Point 530,
Minnesota/Wisconsin,-93.1239103,45.0092042,0,Point 531,
Minnesota/Wisconsin,-93.1089794,45.0079844,0,Point 532,
Minnesota/Wisconsin,-93.102191,45.0074126,0,Point 533,
Minnesota/Wisconsin,-93.0924056,45.0106015,0,Point 534,
Minnesota/Wisconsin,-93.0880727,45.0111974,0,Point 535,
Minnesota/Wisconsin,-93.0907203,45.0116858,0,Point 536,
Minnesota/Wisconsin,-93.0906352,45.0089912,0,Point 537,
Minnesota/Wisconsin,-93.0892576,45.0128739,0,Point 538,
Minnesota/Wisconsin,-93.0888222,45.0095641,0,Point 539,
Minnesota/Wisconsin,-93.0783821,45.0097877,0,Point 540,
Minnesota/Wisconsin,-93.0577132,45.0120749,0,Point 541,
Kansas/Missouri/Illinois,-94.5664693,38.9393546,0,"104 St, I-435 E",
Kansas/Missouri/Illinois,-94.5807618,38.94006,0,"Holmes Rd, I-435 E",
Kansas/Missouri/Illinois,-94.584533,38.9409614,0,"Holmes Rd, I-435 W",
Kansas/Missouri/Illinois,-94.5952591,38.9402652,0,"Wornall Rd, I-435 E",
Kansas/Missouri/Illinois,-94.5993395,38.9400743,0,"Wornall Rd, I-435 W",
Kansas/Missouri/Illinois,-94.6061426,38.9371934,0,"State Line Rd N, I-435 E",
Kansas/Missouri/Illinois,-94.6096096,38.9355482,0,"State Line Rd S, I-435 E",
Kansas/Missouri/Illinois,-94.6100592,38.9367942,0,"State Line Rd, I-435 W",
Kansas/Missouri/Illinois,-94.6371679,38.9324445,0,"Roe Ave, I-435 E",
Kansas/Missouri/Illinois,-94.6411296,38.93295,0,"Roe Ave, I-435 W",
Kansas/Missouri/Illinois,-94.6471763,38.9313822,0,"Nall Ave, I-435 E",
Kansas/Missouri/Illinois,-94.6508564,38.9319127,0,"Nall Ave, I-435 W",
Kansas/Missouri/Illinois,-94.6649417,38.9311717,0,"Metcalf Ave, I-435 E",
Kansas/Missouri/Illinois,-94.6481061,39.0478234,0,"18th St Expy, I-35 S",
Kansas/Missouri/Illinois,-94.6906664,39.0239705,0,"Johnson Dr, I-35 N",
Kansas/Missouri/Illinois,-94.6944418,39.0064011,0,"67th St, I-35 S",
Kansas/Missouri/Illinois,-94.6275237,39.0577578,0,"Mission Rd, I-35 S",
Kansas/Missouri/Illinois,-94.6199524,39.0703708,0,"7th St, I-35 S",
Kansas/Missouri/Illinois,-94.6175102,39.0723446,0,"7th St, I-35 N",
Kansas/Missouri/Illinois,-87.6649907,41.8753558,0,Point 20,
Kansas/Missouri/Illinois,-87.6782644,41.8759935,0,Point 21,
Kansas/Missouri/Illinois,-87.6886257,41.8759409,0,Point 22,
Kansas/Missouri/Illinois,-87.6939036,41.8750453,0,Point 23,
Kansas/Missouri/Illinois,-87.7027062,41.8753482,0,Point 24,
Kansas/Missouri/Illinois,-87.707889,41.8738382,0,Point 25,
Kansas/Missouri/Illinois,-87.718055,41.8736546,0,Point 26,
Kansas/Missouri/Illinois,-87.7225809,41.8743004,0,Point 27,
Kansas/Missouri/Illinois,-87.7336814,41.8733157,0,Point 28,
Kansas/Missouri/Illinois,-87.7472954,41.8719421,0,Point 29,
Kansas/Missouri/Illinois,-87.7524997,41.8711837,0,Point 30,
Kansas/Missouri/Illinois,-87.7627543,41.8708921,0,Point 31,
Kansas/Missouri/Illinois,-87.7661696,41.8712826,0,Point 32,
Kansas/Missouri/Illinois,-87.7763469,41.8712455,0,Point 33,
Kansas/Missouri/Illinois,-87.802266,41.8733977,0,Point 34,
Kansas/Missouri/Illinois,-87.8065766,41.8738838,0,Point 35,
Kansas/Missouri/Illinois,-87.816946,41.873135,0,Point 36,
Kansas/Missouri/Illinois,-87.832697,41.8711291,0,Point 37,
Kansas/Missouri/Illinois,-87.8326762,41.8710582,0,Point 38,
Kansas/Missouri/Illinois,-87.8360834,41.871588,0,Point 39,
Kansas/Missouri/Illinois,-87.8417503,41.8710108,0,Point 40,
Kansas/Missouri/Illinois,-87.8514535,41.8707404,0,Point 41,
Kansas/Missouri/Illinois,-87.8566305,41.8712679,0,Point 42,
Kansas/Missouri/Illinois,-87.8615128,41.8703559,0,Point 43,
Kansas/Missouri/Illinois,-87.8640451,41.870124,0,Point 44,
Kansas/Missouri/Illinois,-87.8691258,41.8711987,0,Point 45,
Kansas/Missouri/Illinois,-87.880801,41.8693562,0,Point 46,
Kansas/Missouri/Illinois,-87.8845465,41.8689915,0,Point 47,
Kansas/Missouri/Illinois,-87.8859292,41.8699757,0,Point 48,
Kansas/Missouri/Illinois,-87.8939865,41.8705699,0,Point 49,
Kansas/Missouri/Illinois,-87.9212075,41.8883228,0,Point 50,
Kansas/Missouri/Illinois,-87.9211493,41.8907935,0,Point 51,
Kansas/Missouri/Illinois,-87.9240666,41.9055811,0,Point 52,
Kansas/Missouri/Illinois,-87.9254347,41.9073809,0,Point 53,
Kansas/Missouri/Illinois,-87.8393134,41.9848426,0,Point 54,
Kansas/Missouri/Illinois,-87.8349188,41.9850801,0,Point 55,
Kansas/Missouri/Illinois,-87.8337055,41.9838457,0,Point 56,
Kansas/Missouri/Illinois,-87.820166,41.9833842,0,Point 57,
Kansas/Missouri/Illinois,-87.8089977,41.9826,0,Point 58,
Kansas/Missouri/Illinois,-87.8081269,41.9817715,0,Point 59,
Kansas/Missouri/Illinois,-87.8044465,41.9820923,0,Point 60,
Kansas/Missouri/Illinois,-87.7991679,41.9821264,0,Point 61,
Kansas/Missouri/Illinois,-87.7901694,41.9827504,0,Point 62,
Kansas/Missouri/Illinois,-87.7854497,41.9822215,0,Point 63,
Kansas/Missouri/Illinois,-87.772641,41.9763816,0,Point 64,
Kansas/Missouri/Illinois,-87.7719114,41.9752427,0,Point 65,
Kansas/Missouri/Illinois,-87.7695619,41.9734332,0,Point 66,
Kansas/Missouri/Illinois,-87.7564786,41.968631,0,Point 67,
Kansas/Missouri/Illinois,-87.7550698,41.9671292,0,Point 68,
Kansas/Missouri/Illinois,-87.7412202,41.9591477,0,Point 69,
Kansas/Missouri/Illinois,-87.7337314,41.9559627,0,Point 70,
Kansas/Missouri/Illinois,-87.7295606,41.9526655,0,Point 71,
Kansas/Missouri/Illinois,-87.7258645,41.9505842,0,Point 72,
Kansas/Missouri/Illinois,-87.7175933,41.9441152,0,Point 73,
Kansas/Missouri/Illinois,-87.7139908,41.9419906,0,Point 74,
Kansas/Missouri/Illinois,-87.7108534,41.9404335,0,Point 75,
Kansas/Missouri/Illinois,-87.7053864,41.9373722,0,Point 76,
Kansas/Missouri/Illinois,-87.6995206,41.9349792,0,Point 77,
Kansas/Missouri/Illinois,-87.7013857,41.9350249,0,Point 78,
Kansas/Missouri/Illinois,-87.6940756,41.9306977,0,Point 79,
Kansas/Missouri/Illinois,-87.6854103,41.9267967,0,Point 80,
Kansas/Missouri/Illinois,-87.6821768,41.9242151,0,Point 81,
Kansas/Missouri/Illinois,-87.6764459,41.9209268,0,Point 82,
Kansas/Missouri/Illinois,-87.6712809,41.918803,0,Point 83,
Kansas/Missouri/Illinois,-87.6697467,41.916814,0,Point 84,
Kansas/Missouri/Illinois,-87.6652897,41.9118587,0,Point 85,
Kansas/Missouri/Illinois,-87.6645325,41.909377,0,Point 86,
Kansas/Missouri/Illinois,-87.6606232,41.9043037,0,Point 87,
Kansas/Missouri/Illinois,-87.6614882,41.9021948,0,Point 88,
Kansas/Missouri/Illinois,-87.6601124,41.8986501,0,Point 89,
Kansas/Missouri/Illinois,-87.6567089,41.8954391,0,Point 90,
Kansas/Missouri/Illinois,-87.6459348,41.8854501,0,Point 91,
Kansas/Missouri/Illinois,-87.6457632,41.882604,0,Point 92,
Kansas/Missouri/Illinois,-87.6453807,41.880344,0,Point 93,
Kansas/Missouri/Illinois,-87.644659,41.8713728,0,Point 94,
Kansas/Missouri/Illinois,-87.6442598,41.8684544,0,Point 95,
Kansas/Missouri/Illinois,-87.6449097,41.8660898,0,Point 96,
Kansas/Missouri/Illinois,-87.6310864,41.822082,0,Point 97,
Kansas/Missouri/Illinois,-87.6296485,41.8176454,0,Point 98,
Kansas/Missouri/Illinois,-87.6309864,41.8151992,0,Point 99,
Kansas/Missouri/Illinois,-87.6300519,41.8108036,0,Point 100,
Kansas/Missouri/Illinois,-87.6324089,41.8070966,0,Point 101,
Kansas/Missouri/Illinois,-87.6307056,41.7973896,0,Point 102,
Kansas/Missouri/Illinois,-87.6316438,41.791396,0,Point 103,
Kansas/Missouri/Illinois,-87.6317787,41.7851748,0,Point 104,
Kansas/Missouri/Illinois,-87.6303621,41.7816867,0,Point 105,
Kansas/Missouri/Illinois,-87.626519,41.7711115,0,Point 106,
Kansas/Missouri/Illinois,-87.6251674,41.766995,0,Point 107,
Kansas/Missouri/Illinois,-87.6263298,41.7641561,0,Point 108,
Kansas/Missouri/Illinois,-87.6250293,41.7596529,0,Point 109,
Kansas/Missouri/Illinois,-87.6247439,41.7525335,0,Point 110,
Kansas/Missouri/Illinois,-87.6256769,41.7495929,0,Point 111,
Kansas/Missouri/Illinois,-87.6244978,41.7450677,0,Point 112,
Kansas/Missouri/Illinois,-87.6244106,41.7388869,0,Point 113,
Kansas/Missouri/Illinois,-87.6251643,41.7336983,0,Point 114,
Kansas/Missouri/Illinois,-87.6239936,41.7244379,0,Point 115,
Kansas/Missouri/Illinois,-87.6225082,41.7157293,0,Point 116,
Kansas/Missouri/Illinois,-87.7464504,41.9626159,0,Point 117,
Kansas/Missouri/Illinois,-87.7465319,41.9653191,0,Point 118,
Kansas/Missouri/Illinois,-87.7476859,41.9718439,0,Point 119,
Kansas/Missouri/Illinois,-87.746422,41.9767998,0,Point 120,
Kansas/Missouri/Illinois,-87.7527214,41.9893277,0,Point 121,
Kansas/Missouri/Illinois,-87.752328,41.9916203,0,Point 122,
Kansas/Missouri/Illinois,-87.7503885,41.9916833,0,Point 123,
Kansas/Missouri/Illinois,-87.751492,42.0106043,0,Point 124,
Kansas/Missouri/Illinois,-87.7524892,42.0127825,0,Point 125,
Kansas/Missouri/Illinois,-87.7484727,42.0106656,0,Point 126,
Kansas/Missouri/Illinois,-87.7510522,42.0132447,0,Point 127,
Kansas/Missouri/Illinois,-87.7649708,42.039311,0,Point 128,
Kansas/Missouri/Illinois,-87.7638383,42.042066,0,Point 129,
Kansas/Missouri/Illinois,-87.7622991,42.0397481,0,Point 130,
Kansas/Missouri/Illinois,-87.761565,42.0423786,0,Point 131,
Ohio/Indiana/Michigan/Ontario(Canada),-82.9972339,40.0640212,0,Point 1,
Ohio/Indiana/Michigan/Ontario(Canada),-82.9987975,40.0603408,0,Point 2,
Ohio/Indiana/Michigan/Ontario(Canada),-82.9976853,40.045076,0,Point 3,
Ohio/Indiana/Michigan/Ontario(Canada),-82.9946983,40.0295976,0,Point 4,
Ohio/Indiana/Michigan/Ontario(Canada),-82.9954204,40.022229,0,Point 5,
Ohio/Indiana/Michigan/Ontario(Canada),-82.9944043,40.0164008,0,Point 6,
Ohio/Indiana/Michigan/Ontario(Canada),-82.9926087,40.0124077,0,Point 7,
Ohio/Indiana/Michigan/Ontario(Canada),-82.9842059,40.0025352,0,Point 8,
Ohio/Indiana/Michigan/Ontario(Canada),-82.9849265,39.9995345,0,Point 9,
Ohio/Indiana/Michigan/Ontario(Canada),-82.9846209,39.9950948,0,Point 10,
Ohio/Indiana/Michigan/Ontario(Canada),-82.9851671,39.9876866,0,Point 11,
Ohio/Indiana/Michigan/Ontario(Canada),-82.9974745,39.953419,0,Point 12,
Ohio/Indiana/Michigan/Ontario(Canada),-83.0028955,39.9538186,0,Point 13,
Ohio/Indiana/Michigan/Ontario(Canada),-83.0180982,39.9575829,0,Point 14,
Ohio/Indiana/Michigan/Ontario(Canada),-83.0763303,39.9718069,0,Point 15,
Ohio/Indiana/Michigan/Ontario(Canada),-82.8699143,40.0057006,0,Point 16,
Ohio/Indiana/Michigan/Ontario(Canada),-82.8663966,40.0031815,0,Point 17,
Ohio/Indiana/Michigan/Ontario(Canada),-83.1188746,40.0007035,0,Point 18,
Ohio/Indiana/Michigan/Ontario(Canada),-83.1175651,40.0040241,0,Point 19,
Ohio/Indiana/Michigan/Ontario(Canada),-82.9526924,40.106852,0,Point 20,
Ohio/Indiana/Michigan/Ontario(Canada),-84.4198777,39.325559,0,Point 21,
Ohio/Indiana/Michigan/Ontario(Canada),-84.4299409,39.3172824,0,Point 22,
Ohio/Indiana/Michigan/Ontario(Canada),-84.4504747,39.2334805,0,Point 23,
Ohio/Indiana/Michigan/Ontario(Canada),-84.5067701,39.1649125,0,Point 24,
Ohio/Indiana/Michigan/Ontario(Canada),-84.5144434,39.1620425,0,Point 25,
Ohio/Indiana/Michigan/Ontario(Canada),-84.5337617,39.1357547,0,Point 26,
Ohio/Indiana/Michigan/Ontario(Canada),-84.4965747,39.1270408,0,Point 27,
Ohio/Indiana/Michigan/Ontario(Canada),-86.0850415,39.7040334,0,"Emerson Ave, I-465 W",
Ohio/Indiana/Michigan/Ontario(Canada),-86.0801596,39.7032705,0,"Emerson Ave, I-465 E",
Ohio/Indiana/Michigan/Ontario(Canada),-86.0473615,39.7311399,0,"Old US 421, I-465 W",
Ohio/Indiana/Michigan/Ontario(Canada),-86.0394773,39.7468947,0,"Shadeland Ave, I-465 W",
Ohio/Indiana/Michigan/Ontario(Canada),-86.0358875,39.7505771,0,"Brookville Rd, I-465 W",
Ohio/Indiana/Michigan/Ontario(Canada),-86.0332736,39.7496981,0,"Brookville Rd, I-465 E",
Ohio/Indiana/Michigan/Ontario(Canada),-86.0319836,39.774037,0,"Washington St, I-465 W",
Ohio/Indiana/Michigan/Ontario(Canada),-86.0288627,39.77507,0,"Washington St, I-465 E",
Ohio/Indiana/Michigan/Ontario(Canada),-83.6208268,42.5204963,0,"Milford Rd, I-96 W",
Ohio/Indiana/Michigan/Ontario(Canada),-83.6175384,42.5189216,0,"Milford Rd S, I-96 E",
Ohio/Indiana/Michigan/Ontario(Canada),-83.6127059,42.5176177,0,"Milford Rd N, I-96 E",
Ohio/Indiana/Michigan/Ontario(Canada),-83.5390336,42.4989388,0,"Wixom Rd, I-96 W",
Ohio/Indiana/Michigan/Ontario(Canada),-83.4804566,42.487646,0,"Novi Rd S, I-96 W",
Ohio/Indiana/Michigan/Ontario(Canada),-83.4743111,42.4871589,0,"Novi Rd N, I-96 W",
Ohio/Indiana/Michigan/Ontario(Canada),-83.4773578,42.4867384,0,"Novi Rd S, I-96 E",
Ohio/Indiana/Michigan/Ontario(Canada),-83.4715474,42.4862902,0,"Novi Rd N, I-96 E",
Ohio/Indiana/Michigan/Ontario(Canada),-79.6726844,43.4992549,0,"Ford Dr, Q. Elizabeth Pkwy E",
Ohio/Indiana/Michigan/Ontario(Canada),-79.6629704,43.5099432,0,"Winston Churchill Blvd S, Q. Elizabeth Pkwy E",
Ohio/Indiana/Michigan/Ontario(Canada),-79.6625798,43.5101608,0,"Winston Churchill Blvd N, Q. Elizabeth Pkwy E",
Ohio/Indiana/Michigan/Ontario(Canada),-79.6484112,43.5231595,0,"Southdown Rd S, Q. Elizabeth Pkwy E",
Ohio/Indiana/Michigan/Ontario(Canada),-79.6453786,43.5261608,0,"Southdown Rd N, Q. Elizabeth Pkwy E",
Ohio/Indiana/Michigan/Ontario(Canada),-79.6004312,43.5671228,0,"Hurontario St S, Q. Elizabeth Pkwy E",
Ohio/Indiana/Michigan/Ontario(Canada),-79.5979194,43.5695861,0,"Hurontario St N, Q. Elizabeth Pkwy E",
Ohio/Indiana/Michigan/Ontario(Canada),-79.58232,43.5839281,0,"Cawthra Rd S, Q. Elizabeth Pkwy E",
Ohio/Indiana/Michigan/Ontario(Canada),-79.5821552,43.5835254,0,"Cawthra Rd N, Q. Elizabeth Pkwy E",
Ohio/Indiana/Michigan/Ontario(Canada),-79.6143266,43.5510683,0,"Mississauga Rd, Q. Elizabeth Pkwy E",
North Carolina/Georgia/Florida,-80.2062391,25.8304366,0,Point 1,
North Carolina/Georgia/Florida,-80.2056461,25.8344284,0,Point 2,
North Carolina/Georgia/Florida,-80.2057132,25.8381401,0,Point 3,
North Carolina/Georgia/Florida,-80.2076831,25.8453476,0,Point 4,
North Carolina/Georgia/Florida,-80.20752,25.8505164,0,Point 5,
North Carolina/Georgia/Florida,-80.2085597,25.8598872,0,Point 6,
North Carolina/Georgia/Florida,-80.2079835,25.863941,0,Point 7,
North Carolina/Georgia/Florida,-80.2087815,25.8674953,0,Point 8,
North Carolina/Georgia/Florida,-80.2082251,25.8709471,0,Point 9,
North Carolina/Georgia/Florida,-80.2094001,25.8819875,0,Point 10,
North Carolina/Georgia/Florida,-80.2095464,25.8874794,0,Point 11,
North Carolina/Georgia/Florida,-80.2090486,25.8910007,0,Point 12,
North Carolina/Georgia/Florida,-80.2099775,25.896617,0,Point 13,
North Carolina/Georgia/Florida,-80.2097082,25.9015355,0,Point 14,
North Carolina/Georgia/Florida,-80.2103806,25.9116282,0,Point 15,
North Carolina/Georgia/Florida,-80.2090705,25.9257686,0,Point 16,
North Carolina/Georgia/Florida,-80.2055967,25.9297517,0,Point 17,
North Carolina/Georgia/Florida,-80.2045261,25.9304325,0,Point 18,
North Carolina/Georgia/Florida,-80.1876555,25.9438983,0,Point 19,
North Carolina/Georgia/Florida,-80.1864727,25.9445659,0,Point 20,
North Carolina/Georgia/Florida,-80.1673779,25.961423,0,Point 21,
North Carolina/Georgia/Florida,-80.1650197,25.9672928,0,Point 22,
North Carolina/Georgia/Florida,-80.1659838,25.9822731,0,Point 23,
North Carolina/Georgia/Florida,-80.1653698,25.987356,0,Point 24,
North Carolina/Georgia/Florida,-80.1662995,25.993847,0,Point 25,
North Carolina/Georgia/Florida,-80.1660904,25.9993762,0,Point 26,
North Carolina/Georgia/Florida,-81.4151463,28.5090152,0,"John Young Pkwy, I-4 E",
North Carolina/Georgia/Florida,-81.4007472,28.5100063,0,"Orange Blossom Trl, I-4 W",
North Carolina/Georgia/Florida,-81.3950193,28.5107997,0,"Orange Blossom Trl, I-4 E",
North Carolina/Georgia/Florida,-81.3862598,28.5184609,0,"Michigan St, I-4 E",
North Carolina/Georgia/Florida,-81.3876905,28.5177812,0,"Kaley St, I-4 W",
North Carolina/Georgia/Florida,-83.8157756,34.0965951,0,Point 32,
North Carolina/Georgia/Florida,-83.9152936,34.075063,0,Point 33,
North Carolina/Georgia/Florida,-83.9197489,34.0753723,0,Point 34,
North Carolina/Georgia/Florida,-83.9436199,34.0640872,0,Point 35,
North Carolina/Georgia/Florida,-83.9515202,34.0621705,0,Point 36,
North Carolina/Georgia/Florida,-83.9879623,34.0570308,0,Point 37,
North Carolina/Georgia/Florida,-83.9986638,34.0568782,0,Point 38,
North Carolina/Georgia/Florida,-84.0463116,34.0311459,0,Point 39,
North Carolina/Georgia/Florida,-84.0498844,34.0291979,0,Point 40,
North Carolina/Georgia/Florida,-84.1323142,33.9514941,0,Point 41,
North Carolina/Georgia/Florida,-84.1399117,33.9479954,0,Point 42,
North Carolina/Georgia/Florida,-84.1570238,33.9377101,0,Point 43,
North Carolina/Georgia/Florida,-84.1609472,33.935688,0,Point 44,
North Carolina/Georgia/Florida,-84.1746106,33.9284384,0,Point 45,
North Carolina/Georgia/Florida,-84.1798659,33.9269146,0,Point 46,
North Carolina/Georgia/Florida,-84.2055954,33.9125898,0,Point 47,
North Carolina/Georgia/Florida,-84.2123082,33.9117445,0,Point 48,
North Carolina/Georgia/Florida,-78.7311554,35.9112928,0,"Leesville Rd, I-540 W",
North Carolina/Georgia/Florida,-78.6845743,35.9154574,0,"Creedmoor Rd, I-540 W",
North Carolina/Georgia/Florida,-78.6538129,35.9124229,0,"Six Forks Rd, I-540 W",
North Carolina/Georgia/Florida,-78.6113495,35.8997774,0,"Falls of Neuse Rd, I-540 W",
North Carolina/Georgia/Florida,-84.2716724,33.8798013,0,Point 53,
North Carolina/Georgia/Florida,-84.3323472,33.8331253,0,Point 54,
North Carolina/Georgia/Florida,-84.3381818,33.8312989,0,Point 55,
North Carolina/Georgia/Florida,-84.3914537,33.7802891,0,Point 56,
North Carolina/Georgia/Florida,-84.3898793,33.770617,0,Point 57,
North Carolina/Georgia/Florida,-84.3896292,33.7667251,0,Point 58,
North Carolina/Georgia/Florida,-84.3800212,33.761367,0,Point 59,
North Carolina/Georgia/Florida,-84.3800835,33.7612856,0,Point 60,
North Carolina/Georgia/Florida,-84.3792981,33.7581066,0,Point 61,
North Carolina/Georgia/Florida,-84.3791445,33.7568377,0,Point 62,
North Carolina/Georgia/Florida,-84.3782335,33.7585082,0,Point 63,
North Carolina/Georgia/Florida,-84.3793367,33.7535928,0,Point 64,
North Carolina/Georgia/Florida,-84.3831895,33.7487082,0,Point 65,
North Carolina/Georgia/Florida,-84.3897743,33.7447414,0,Point 66,
North Carolina/Georgia/Florida,-84.3923766,33.7376376,0,Point 67,
North Carolina/Georgia/Florida,-84.3925148,33.7353573,0,Point 68,
North Carolina/Georgia/Florida,-84.3935996,33.7234019,0,Point 69,
North Carolina/Georgia/Florida,-84.3960841,33.7211204,0,Point 70,
North Carolina/Georgia/Florida,-84.4106009,33.6826984,0,Point 71,
North Carolina/Georgia/Florida,-84.4559884,33.6314063,0,Point 72,
North Carolina/Georgia/Florida,-84.5105261,33.586311,0,Point 73,
North Carolina/Georgia/Florida,-84.5163987,33.5827499,0,Point 74,
North Carolina/Georgia/Florida,-84.5318911,33.5685573,0,Point 75,
North Carolina/Georgia/Florida,-84.5361786,33.5651478,0,Point 76,
North Carolina/Georgia/Florida,-84.5740069,33.5471928,0,Point 77,
North Carolina/Georgia/Florida,-84.6560639,34.0800299,0,Point 78,
North Carolina/Georgia/Florida,-84.6515348,34.0785723,0,Point 79,
North Carolina/Georgia/Florida,-84.5978373,34.0569139,0,Point 80,
North Carolina/Georgia/Florida,-84.5910704,34.0517965,0,Point 81,
North Carolina/Georgia/Florida,-84.5771905,34.0357631,0,Point 82,
North Carolina/Georgia/Florida,-84.5763666,34.0297274,0,Point 83,
North Carolina/Georgia/Florida,-84.567855,34.0130407,0,Point 84,
North Carolina/Georgia/Florida,-84.5670453,34.007219,0,Point 85,
North Carolina/Georgia/Florida,-84.5447966,33.9875819,0,Point 86,
North Carolina/Georgia/Florida,-84.5358971,33.9777403,0,Point 87,
North Carolina/Georgia/Florida,-84.5213303,33.9638765,0,Point 88,
North Carolina/Georgia/Florida,-84.5183254,33.9594406,0,Point 89,
North Carolina/Georgia/Florida,-84.5085305,33.9439732,0,Point 90,
North Carolina/Georgia/Florida,-84.5020362,33.9391516,0,Point 91,
North Carolina/Georgia/Florida,-84.4862898,33.9252391,0,Point 92,
North Carolina/Georgia/Florida,-84.4849564,33.9211415,0,Point 93,
North Carolina/Georgia/Florida,-84.4739785,33.9035452,0,Point 94,
North Carolina/Georgia/Florida,-84.4696864,33.8971919,0,Point 95,
North Carolina/Georgia/Florida,-84.4555889,33.8844314,0,Point 96,
North Carolina/Georgia/Florida,-84.4509555,33.8780649,0,Point 97,
North Carolina/Georgia/Florida,-84.4375554,33.8621751,0,Point 98,
North Carolina/Georgia/Florida,-84.4310527,33.8476415,0,Point 99,
North Carolina/Georgia/Florida,-84.4299803,33.8466136,0,Point 100,
North Carolina/Georgia/Florida,-84.4269007,33.8333909,0,Point 101,
North Carolina/Georgia/Florida,-84.4269919,33.831957,0,Point 102,
North Carolina/Georgia/Florida,-84.4147992,33.8064282,0,Point 103,
North Carolina/Georgia/Florida,-84.4069191,33.8029766,0,Point 104,
North Carolina/Georgia/Florida,-84.4052635,33.8018009,0,Point 105,
North Carolina/Georgia/Florida,-84.3978884,33.6131557,0,Point 106,
North Carolina/Georgia/Florida,-84.3760311,33.5842663,0,Point 107,
North Carolina/Georgia/Florida,-84.3464658,33.5781523,0,Point 108,
North Carolina/Georgia/Florida,-84.339004,33.5758252,0,Point 109,
North Carolina/Georgia/Florida,-84.3216401,33.5663587,0,Point 110,
North Carolina/Georgia/Florida,-84.3217125,33.5662481,0,Point 111,
North Carolina/Georgia/Florida,-84.3174323,33.5628312,0,Point 112,
North Carolina/Georgia/Florida,-84.2792904,33.5483363,0,Point 113,
North Carolina/Georgia/Florida,-84.275573,33.5453236,0,Point 114,
North Carolina/Georgia/Florida,-84.2332687,33.508854,0,Point 115,
North Carolina/Georgia/Florida,-84.2302263,33.5034089,0,Point 116,
North Carolina/Georgia/Florida,-84.2168025,33.4789207,0,Point 117,
North Carolina/Georgia/Florida,-84.6548888,33.7684836,0,Point 118,
North Carolina/Georgia/Florida,-84.6491797,33.7688028,0,Point 119,
North Carolina/Georgia/Florida,-84.6077595,33.7774301,0,Point 120,
North Carolina/Georgia/Florida,-84.6026863,33.7765055,0,Point 121,
North Carolina/Georgia/Florida,-84.5640294,33.7744763,0,Point 122,
North Carolina/Georgia/Florida,-84.5577872,33.7733635,0,Point 123,
North Carolina/Georgia/Florida,-84.54998,33.7721224,0,Point 124,
North Carolina/Georgia/Florida,-84.5295647,33.7673875,0,Point 125,
North Carolina/Georgia/Florida,-84.4718239,33.758436,0,Point 126,
North Carolina/Georgia/Florida,-84.4695678,33.7570533,0,Point 127,
North Carolina/Georgia/Florida,-84.4477525,33.7518096,0,Point 128,
North Carolina/Georgia/Florida,-84.4434293,33.7495942,0,Point 129,
North Carolina/Georgia/Florida,-84.4282071,33.7452165,0,Point 130,
North Carolina/Georgia/Florida,-84.4199105,33.7418997,0,Point 131,
North Carolina/Georgia/Florida,-84.4162424,33.7412646,0,Point 132,
North Carolina/Georgia/Florida,-84.4129878,33.7411475,0,Point 133,
North Carolina/Georgia/Florida,-84.4053138,33.7421975,0,Point 134,
North Carolina/Georgia/Florida,-84.3999742,33.7447469,0,Point 135,
North Carolina/Georgia/Florida,-84.3966981,33.7456283,0,Point 136,
North Carolina/Georgia/Florida,-84.3953934,33.7451876,0,Point 137,
North Carolina/Georgia/Florida,-84.3841923,33.7430957,0,Point 138,
North Carolina/Georgia/Florida,-84.3780894,33.7430709,0,Point 139,
North Carolina/Georgia/Florida,-84.3699954,33.7436711,0,Point 140,
North Carolina/Georgia/Florida,-84.3512038,33.7454296,0,Point 141,
North Carolina/Georgia/Florida,-84.3481185,33.7458367,0,Point 142,
North Carolina/Georgia/Florida,-84.3473598,33.7452188,0,Point 143,
North Carolina/Georgia/Florida,-84.3361788,33.7454802,0,Point 144,
North Carolina/Georgia/Florida,-84.3292618,33.7411336,0,Point 145,
North Carolina/Georgia/Florida,-84.32779,33.738688,0,Point 146,
North Carolina/Georgia/Florida,-84.3233163,33.7279287,0,Point 147,
North Carolina/Georgia/Florida,-84.3125519,33.7172644,0,Point 148,
North Carolina/Georgia/Florida,-84.3036444,33.7148523,0,Point 149,
North Carolina/Georgia/Florida,-84.2748138,33.7133527,0,Point 150,
North Carolina/Georgia/Florida,-84.2698391,33.7137827,0,Point 151,
North Carolina/Georgia/Florida,-84.2544668,33.7166105,0,Point 152,
North Carolina/Georgia/Florida,-84.2189522,33.7121603,0,Point 153,
North Carolina/Georgia/Florida,-84.214511,33.7110203,0,Point 154,
North Carolina/Georgia/Florida,-84.1724621,33.703661,0,Point 155,
North Carolina/Georgia/Florida,-84.1677222,33.7031758,0,Point 156,
North Carolina/Georgia/Florida,-84.1365179,33.70413,0,Point 157,
North Carolina/Georgia/Florida,-84.1107829,33.7007215,0,Point 158,
North Carolina/Georgia/Florida,-84.0909468,33.7013914,0,Point 159,
North Carolina/Georgia/Florida,-84.0865774,33.698892,0,Point 160,
North Carolina/Georgia/Florida,-84.0640177,33.6841189,0,Point 161,
North Carolina/Georgia/Florida,-84.0635892,33.6821717,0,Point 162,
North Carolina/Georgia/Florida,-84.5152988,34.1471473,0,Point 163,
North Carolina/Georgia/Florida,-84.5184169,34.1436943,0,Point 164,
North Carolina/Georgia/Florida,-84.5282225,34.1220898,0,Point 165,
North Carolina/Georgia/Florida,-84.5310108,34.0986434,0,Point 166,
North Carolina/Georgia/Florida,-84.5340072,34.0885134,0,Point 167,
North Carolina/Georgia/Florida,-84.5372513,34.083065,0,Point 168,
North Carolina/Georgia/Florida,-84.5531206,34.0524085,0,Point 169,
North Carolina/Georgia/Florida,-84.560186,34.0505996,0,Point 170,
North Carolina/Georgia/Florida,-84.5614699,34.039431,0,Point 171,
North Carolina/Georgia/Florida,-84.562908,34.0356318,0,Point 172,
North Carolina/Georgia/Florida,-84.55769,34.0154685,0,Point 173,
North Carolina/Georgia/Florida,-84.5598371,34.0108106,0,Point 174,
North Carolina/Georgia/Florida,-84.4273701,33.9100923,0,Point 175,
North Carolina/Georgia/Florida,-84.4341351,33.9054129,0,Point 176,
North Carolina/Georgia/Florida,-84.4712902,33.8838557,0,Point 177,
North Carolina/Georgia/Florida,-84.4777693,33.8677275,0,Point 178,
North Carolina/Georgia/Florida,-84.4811213,33.8617203,0,Point 179,
North Carolina/Georgia/Florida,-84.4869294,33.8446974,0,Point 180,
North Carolina/Georgia/Florida,-84.4879508,33.8419166,0,Point 181,
North Carolina/Georgia/Florida,-84.4882733,33.8257474,0,Point 182,
North Carolina/Georgia/Florida,-84.4906791,33.8247906,0,Point 183,
North Carolina/Georgia/Florida,-84.4889642,33.79973,0,Point 184,
North Carolina/Georgia/Florida,-84.4912008,33.7886591,0,Point 185,
North Carolina/Georgia/Florida,-84.4947742,33.7852673,0,Point 186,
North Carolina/Georgia/Florida,-84.4953796,33.7521715,0,Point 187,
North Carolina/Georgia/Florida,-84.4962527,33.7525842,0,Point 188,
North Carolina/Georgia/Florida,-84.5023705,33.7252353,0,Point 189,
North Carolina/Georgia/Florida,-84.5029867,33.7207205,0,Point 190,
North Carolina/Georgia/Florida,-84.4971809,33.6581847,0,Point 191,
North Carolina/Georgia/Florida,-84.4979884,33.6544052,0,Point 192,
North Carolina/Georgia/Florida,-84.4938862,33.6394219,0,Point 193,
North Carolina/Georgia/Florida,-84.4912544,33.634528,0,Point 194,
North Carolina/Georgia/Florida,-84.4415396,33.6166138,0,Point 195,
North Carolina/Georgia/Florida,-84.4372427,33.6177004,0,Point 196,
North Carolina/Georgia/Florida,-84.4353613,33.6175537,0,Point 197,
North Carolina/Georgia/Florida,-84.2312552,33.7348608,0,Point 198,
North Carolina/Georgia/Florida,-84.2303493,33.7388008,0,Point 199,
North Carolina/Georgia/Florida,-84.2322318,33.7518693,0,Point 200,
North Carolina/Georgia/Florida,-84.2314981,33.7534285,0,Point 201,
North Carolina/Georgia/Florida,-84.2380442,33.7755664,0,Point 202,
North Carolina/Georgia/Florida,-84.24467,33.7817853,0,Point 203,
North Carolina/Georgia/Florida,-84.2501162,33.8008953,0,Point 204,
North Carolina/Georgia/Florida,-84.2501044,33.8052402,0,Point 205,
North Carolina/Georgia/Florida,-84.2528068,33.8277,0,Point 206,
North Carolina/Georgia/Florida,-84.2519406,33.8297161,0,Point 207,
North Carolina/Georgia/Florida,-84.247752,33.8442805,0,Point 208,
North Carolina/Georgia/Florida,-84.2466036,33.8474959,0,Point 209,
North Carolina/Georgia/Florida,-84.2461357,33.8521588,0,Point 210,
North Carolina/Georgia/Florida,-84.25008,33.8808842,0,Point 211,
North Carolina/Georgia/Florida,-84.2522466,33.8866513,0,Point 212,
North Carolina/Georgia/Florida,-84.2752526,33.9040256,0,Point 213,
North Carolina/Georgia/Florida,-84.2845892,33.9107197,0,Point 214,
North Carolina/Georgia/Florida,-84.2880576,33.9152592,0,Point 215,
North Carolina/Georgia/Florida,-84.2946066,33.9190348,0,Point 216,
North Carolina/Georgia/Florida,-84.3174321,33.9205601,0,Point 217,
North Carolina/Georgia/Florida,-84.3350161,33.9187107,0,Point 218,
North Carolina/Georgia/Florida,-84.341879,33.9172686,0,Point 219,
North Carolina/Georgia/Florida,-84.3509147,33.9138342,0,Point 220,
North Carolina/Georgia/Florida,-84.3637003,33.9104105,0,Point 221,
North Carolina/Georgia/Florida,-84.3754551,33.9116469,0,Point 222,
North Carolina/Georgia/Florida,-84.3846744,33.9126376,0,Point 223,
North Carolina/Georgia/Florida,-84.4046786,33.9155487,0,Point 224,
North Carolina/Georgia/Florida,-84.4095759,33.9162089,0,Point 225,
North Carolina/Georgia/Florida,-84.305724,33.63545,0,Point 226,
North Carolina/Georgia/Florida,-84.3021712,33.6310141,0,Point 227,
North Carolina/Georgia/Florida,-84.2963647,33.6143909,0,Point 228,
North Carolina/Georgia/Florida,-84.2961133,33.608431,0,Point 229,
North Carolina/Georgia/Florida,-84.2788773,33.5804518,0,Point 230,
North Carolina/Georgia/Florida,-84.2770381,33.5751829,0,Point 231,
North Carolina/Georgia/Florida,-84.2689332,33.556002,0,Point 232,
North Carolina/Georgia/Florida,-84.2691197,33.5503284,0,Point 233,
North Carolina/Georgia/Florida,-84.4927798,33.6905977,0,Point 234,
North Carolina/Georgia/Florida,-84.4117154,33.6963962,0,Point 235,
North Carolina/Georgia/Florida,-84.3600953,33.8286911,0,Point 236,
North Carolina/Georgia/Florida,-84.3435472,33.9796506,0,Point 237,
North Carolina/Georgia/Florida,-84.3399622,33.9851158,0,Point 238,
North Carolina/Georgia/Florida,-84.3215385,34.0250915,0,Point 239,
North Carolina/Georgia/Florida,-84.314373,34.0359375,0,Point 240,
North Carolina/Georgia/Florida,-84.3077074,34.0422392,0,Point 241,
North Carolina/Georgia/Florida,-84.2822064,34.055551,0,Point 242,
North Carolina/Georgia/Florida,-84.2732213,34.0668216,0,Point 243,
North Carolina/Georgia/Florida,-84.2706192,34.0705777,0,Point 244,
North Carolina/Georgia/Florida,-84.2635972,34.0858029,0,Point 245,
North Carolina/Georgia/Florida,-84.2594736,34.0903156,0,Point 246,
North Carolina/Georgia/Florida,-84.2249648,34.1144509,0,Point 247,
North Carolina/Georgia/Florida,-84.220823,34.1152194,0,Point 248,
North Carolina/Georgia/Florida,-84.1749373,34.1580503,0,Point 249,
North Carolina/Georgia/Florida,-84.1714797,34.1575155,0,Point 250,
North Carolina/Georgia/Florida,-84.1405045,34.1821792,0,Point 251,
Virginia/Maryland/Pennsylvania/New York,-77.1604162,38.8040933,0,"Edsall Rd, I-395 N",
Virginia/Maryland/Pennsylvania/New York,-77.1370307,38.8165923,0,"Duke St, I-395 S",
Virginia/Maryland/Pennsylvania/New York,-77.1341982,38.8168578,0,"Duke St, I-395 N",
Virginia/Maryland/Pennsylvania/New York,-77.1167102,38.828814,0,"Seminary Rd, I-395 S",
Virginia/Maryland/Pennsylvania/New York,-77.1102445,38.8307589,0,"Seminary Rd, I-395 N",
Virginia/Maryland/Pennsylvania/New York,-77.1020799,38.8338544,0,"King St E, I-395 S",
Virginia/Maryland/Pennsylvania/New York,-77.0968065,38.8355461,0,"King St W, I-395 S",
Virginia/Maryland/Pennsylvania/New York,-77.0987356,38.8340594,0,"King St E, I-395 N",
Virginia/Maryland/Pennsylvania/New York,-77.0940725,38.8354143,0,"King St W, I-395 N",
Virginia/Maryland/Pennsylvania/New York,-77.0875959,38.8389499,0,"Shirlington Rd, I-395 S",
Virginia/Maryland/Pennsylvania/New York,-77.0831467,38.841885,0,"Shirlington Rd, I-395 N",
Virginia/Maryland/Pennsylvania/New York,-77.0798181,38.8455805,0,"Glebe Rd E, I-395 N",
Virginia/Maryland/Pennsylvania/New York,-77.0777771,38.847933,0,"Glebe Rd W, I-395 N",
Virginia/Maryland/Pennsylvania/New York,-77.1538122,38.8846213,0,"Sycamore St, I-66 E",
Virginia/Maryland/Pennsylvania/New York,-77.1226266,38.8819807,0,"Glebe Rd, I-66 W",
Virginia/Maryland/Pennsylvania/New York,-77.1163592,38.8871456,0,"Glebe Rd, I-66 E",
Virginia/Maryland/Pennsylvania/New York,-77.1002543,38.8949045,0,"Langston Blvd, I-66 W",
Virginia/Maryland/Pennsylvania/New York,-77.0831346,38.8969589,0,"Scott St, I-66 W",
Virginia/Maryland/Pennsylvania/New York,-77.3578663,39.3245022,0,"Fingerboard Rd, I-270 N",
Virginia/Maryland/Pennsylvania/New York,-77.3559833,39.3224637,0,"Fingerboard Rd, I-270 S",
Virginia/Maryland/Pennsylvania/New York,-77.3233987,39.2793698,0,"Old Hundred Rd, I-270 N",
Virginia/Maryland/Pennsylvania/New York,-77.3227662,39.276231,0,"Old Hundred Rd, I-270 S",
Virginia/Maryland/Pennsylvania/New York,-77.2837566,39.2306408,0,"Clarksburg Rd, I-270 N",
Virginia/Maryland/Pennsylvania/New York,-77.2860725,39.2326685,0,"Clarksburg Rd W, I-270 S",
Virginia/Maryland/Pennsylvania/New York,-77.2837785,39.2291779,0,"Clarksburg Rd E, I-270 S",
Virginia/Maryland/Pennsylvania/New York,-77.2647443,39.1996641,0,"Ridge Rd W, I-270 N",
Virginia/Maryland/Pennsylvania/New York,-77.2615858,39.1966203,0,"Ridge Rd E, I-270 N",
Virginia/Maryland/Pennsylvania/New York,-77.2646907,39.1986427,0,"Ridge Rd W, I-270 S",
Virginia/Maryland/Pennsylvania/New York,-77.2618332,39.1952318,0,"Ridge Rd E, I-270 S",
Virginia/Maryland/Pennsylvania/New York,-77.2567067,39.1872544,0,"Germantown Rd, I-270 N",
Virginia/Maryland/Pennsylvania/New York,-77.2561685,39.185405,0,"Germantown Rd W, I-270 S",
Virginia/Maryland/Pennsylvania/New York,-77.2531278,39.1822471,0,"Germantown Rd E, I-270 S",
Virginia/Maryland/Pennsylvania/New York,-77.2458475,39.1730821,0,"Middlebrook Rd, I-270 S",
Virginia/Maryland/Pennsylvania/New York,-77.2270388,39.1579836,0,"Watkins Mill Rd, I-270 N",
Virginia/Maryland/Pennsylvania/New York,-77.2243587,39.1548943,0,"Watkins Mill Rd, I-270 S",
Virginia/Maryland/Pennsylvania/New York,-77.2174554,39.1501795,0,"Montgomery Village Ave W, I-270 N",
Virginia/Maryland/Pennsylvania/New York,-77.2152865,39.1483098,0,"Montgomery Village Ave E, I-270 N",
Virginia/Maryland/Pennsylvania/New York,-77.2180101,39.1493524,0,"Montgomery Village Ave, I-270 S",
Virginia/Maryland/Pennsylvania/New York,-77.2120032,39.1382413,0,"Diamond Ave, I-270 S",
Virginia/Maryland/Pennsylvania/New York,-77.1986315,39.1232556,0,"I-370, I-270 N",
Virginia/Maryland/Pennsylvania/New York,-77.1957859,39.120321,0,"Sam Eig Hwy, I-270 N",
Virginia/Maryland/Pennsylvania/New York,-77.1973561,39.118221,0,"I-370, I-270 S",
Virginia/Maryland/Pennsylvania/New York,-77.1893606,39.1114561,0,"Shady Grove Rd W, I-270 S",
Virginia/Maryland/Pennsylvania/New York,-77.186464,39.1089647,0,"Shady Grove Rd E, I-270 S",
Virginia/Maryland/Pennsylvania/New York,-77.1731831,39.0876684,0,"Montgomery Ave W, I-270 N",
Virginia/Maryland/Pennsylvania/New York,-77.1716659,39.0848399,0,"Montgomery Ave E, I-270 N",
Virginia/Maryland/Pennsylvania/New York,-77.1753053,39.0868885,0,"Montgomery Ave W, I-270 S",
Virginia/Maryland/Pennsylvania/New York,-77.1736426,39.0846973,0,"Montgomery Ave E, I-270 S",
Virginia/Maryland/Pennsylvania/New York,-77.1655437,39.0752424,0,"Falls Rd, I-270 N",
Virginia/Maryland/Pennsylvania/New York,-77.1623637,39.0715897,0,"Falls Rd, I-270 S",
Virginia/Maryland/Pennsylvania/New York,-77.1542512,39.0585765,0,"Montrose Rd W, I-270 N",
Virginia/Maryland/Pennsylvania/New York,-77.1530427,39.0550101,0,"Montrose Rd E, I-270 N",
Virginia/Maryland/Pennsylvania/New York,-77.1557292,39.0579397,0,"Montrose Rd W, I-270 S",
Virginia/Maryland/Pennsylvania/New York,-77.1544217,39.0543954,0,"Montrose Rd E, I-270 S",
Virginia/Maryland/Pennsylvania/New York,-77.1341408,39.0322707,0,"Rockledge Dr, I-270 N",
Virginia/Maryland/Pennsylvania/New York,-77.1290949,39.0308929,0,"Rockledge Dr, I-270 S",
Virginia/Maryland/Pennsylvania/New York,-77.1247806,39.030012,0,"Old Georgetown Rd, I-270 S",
Virginia/Maryland/Pennsylvania/New York,-77.1415642,39.0238211,0,"Democracy Blvd W, I-270S N",
Virginia/Maryland/Pennsylvania/New York,-77.1423955,39.0201318,0,"Democracy Blvd E, I-270S N",
Virginia/Maryland/Pennsylvania/New York,-77.1443095,39.0203356,0,"Democracy Blvd, I-270S S",
Virginia/Maryland/Pennsylvania/New York,-73.8292466,40.74298,0,"Main St, I-495 W",
Virginia/Maryland/Pennsylvania/New York,-73.8222698,40.7410683,0,"Main St, I-495 E",
Virginia/Maryland/Pennsylvania/New York,-73.8173835,40.7397511,0,"Kissena Blvd, I-495 W",
Virginia/Maryland/Pennsylvania/New York,-73.8082163,40.7383791,0,"Kissena Blvd, I-495 E",
Virginia/Maryland/Pennsylvania/New York,-73.8007491,40.738439,0,"Utopia Pkwy, I-495 W",
Virginia/Maryland/Pennsylvania/New York,-73.790604,40.7396432,0,"Utopia Pkwy, I-495 E",
Virginia/Maryland/Pennsylvania/New York,-73.7817541,40.742385,0,"Francis Lewis Blvd, I-495 W",
Virginia/Maryland/Pennsylvania/New York,-73.7644033,40.7465279,0,"Francis Lewis Blvd, I-495 E",
Virginia/Maryland/Pennsylvania/New York,-73.7589177,40.7487812,0,"Springfield Blvd, I-495 W",
Virginia/Maryland/Pennsylvania/New York,-73.7538534,40.7499234,0,"Springfield Blvd, I-495 E",
Virginia/Maryland/Pennsylvania/New York,-73.7278544,40.7632383,0,"Little Neck Pkwy, I-495 W",
Virginia/Maryland/Pennsylvania/New York,-73.7194378,40.7645177,0,"Little Neck Pkwy, I-495 E",
Virginia/Maryland/Pennsylvania/New York,-73.7156975,40.7672538,0,Point 73,
Virginia/Maryland/Pennsylvania/New York,-73.7064617,40.7698502,0,Point 74,
Virginia/Maryland/Pennsylvania/New York,-73.7018599,40.7679537,0,Point 75,
Virginia/Maryland/Pennsylvania/New York,-73.6937846,40.7679995,0,Point 76,
Virginia/Maryland/Pennsylvania/New York,-73.678026,40.7729403,0,Point 77,
Virginia/Maryland/Pennsylvania/New York,-73.6735359,40.7741046,0,Point 78,
Virginia/Maryland/Pennsylvania/New York,-73.6651885,40.7788449,0,Point 79,
Virginia/Maryland/Pennsylvania/New York,-73.6575557,40.7803746,0,Point 80,
Virginia/Maryland/Pennsylvania/New York,-73.6468632,40.78474,0,Point 81,
Virginia/Maryland/Pennsylvania/New York,-73.6260354,40.7826049,0,Point 82,
Virginia/Maryland/Pennsylvania/New York,-73.6255469,40.784025,0,Point 83,
Virginia/Maryland/Pennsylvania/New York,-73.6196583,40.7831388,0,Point 84,
Virginia/Maryland/Pennsylvania/New York,-73.5599302,40.7822349,0,Point 85,
Virginia/Maryland/Pennsylvania/New York,-73.5372572,40.7848045,0,Point 86,
Virginia/Maryland/Pennsylvania/New York,-73.5305117,40.7856876,0,Point 87,
Virginia/Maryland/Pennsylvania/New York,-73.50925,40.7958728,0,Point 88,
Virginia/Maryland/Pennsylvania/New York,-73.5008397,40.7977403,0,Point 89,
Virginia/Maryland/Pennsylvania/New York,-73.4658109,40.7941517,0,Point 90,
Virginia/Maryland/Pennsylvania/New York,-73.4468342,40.7861675,0,Point 91,
Virginia/Maryland/Pennsylvania/New York,-73.4209687,40.7803722,0,Point 92,
Virginia/Maryland/Pennsylvania/New York,-73.4154415,40.7803636,0,Point 93,
Virginia/Maryland/Pennsylvania/New York,-73.4033943,40.7828503,0,Point 94,
Virginia/Maryland/Pennsylvania/New York,-73.3753919,40.7886915,0,Point 95,
Virginia/Maryland/Pennsylvania/New York,-73.3709177,40.7890276,0,Point 96,
Virginia/Maryland/Pennsylvania/New York,-73.344848,40.7966455,0,Point 97,
Virginia/Maryland/Pennsylvania/New York,-73.3386888,40.7986547,0,Point 98,
Virginia/Maryland/Pennsylvania/New York,-73.2974923,40.8048206,0,Point 99,
Virginia/Maryland/Pennsylvania/New York,-73.2385555,40.8065746,0,Point 100,
Virginia/Maryland/Pennsylvania/New York,-73.2286915,40.8078317,0,Point 101,
Virginia/Maryland/Pennsylvania/New York,-73.2139191,40.8088245,0,Point 102,
Virginia/Maryland/Pennsylvania/New York,-73.1976028,40.8094072,0,Point 103,
Virginia/Maryland/Pennsylvania/New York,-73.1747233,40.8086447,0,Point 104,
Virginia/Maryland/Pennsylvania/New York,-73.1633841,40.8093186,0,Point 105,
Virginia/Maryland/Pennsylvania/New York,-73.1561949,40.8093023,0,Point 106,
Virginia/Maryland/Pennsylvania/New York,-73.1284822,40.8126191,0,Point 107,
Virginia/Maryland/Pennsylvania/New York,-73.1223547,40.8121118,0,Point 108,
Virginia/Maryland/Pennsylvania/New York,-73.1140316,40.8133059,0,Point 109,
Virginia/Maryland/Pennsylvania/New York,-73.105011,40.8134994,0,Point 110,
Virginia/Maryland/Pennsylvania/New York,-73.0872457,40.8157667,0,Point 111,
Virginia/Maryland/Pennsylvania/New York,-73.0811572,40.8156911,0,Point 112,
Virginia/Maryland/Pennsylvania/New York,-73.0180175,40.8231428,0,Point 113,
Virginia/Maryland/Pennsylvania/New York,-73.0035612,40.8240495,0,Point 114,
Virginia/Maryland/Pennsylvania/New York,-72.9921173,40.8232205,0,Point 115,
Virginia/Maryland/Pennsylvania/New York,-74.0383317,41.0977157,0,"GSPC, I-287 E",
Virginia/Maryland/Pennsylvania/New York,-74.0272149,41.1030912,0,"NY-59, I-287 W",
Virginia/Maryland/Pennsylvania/New York,-74.0227269,41.1034698,0,"NY-59, I-287 E",
Virginia/Maryland/Pennsylvania/New York,-73.9959798,41.1029063,0,"Palisades Pkwy S, I-287 W",
Virginia/Maryland/Pennsylvania/New York,-73.9908331,41.1023719,0,"Palisades Pkwy N, I-287 W",
Virginia/Maryland/Pennsylvania/New York,-73.9950379,41.1013846,0,"Palisades Pkwy S, I-287 E",
Virginia/Maryland/Pennsylvania/New York,-73.9879598,41.1011806,0,"Palisades Pkwy N, I-287 E",
Virginia/Maryland/Pennsylvania/New York,-73.9559093,41.1007824,0,"NY-303, I-287 W",
Virginia/Maryland/Pennsylvania/New York,-73.9526469,41.0997784,0,"NY-303, I-287 E",
Virginia/Maryland/Pennsylvania/New York,-73.931546,41.0942886,0,"High Ave, I-287 W",
Virginia/Maryland/Pennsylvania/New York,-73.8574352,41.0615643,0,"White Plains Rd, I-287 W",
Virginia/Maryland/Pennsylvania/New York,-73.8334666,41.0582024,0,"Saw Mill Pkwy, I-287 W",
Virginia/Maryland/Pennsylvania/New York,-73.8055429,41.0483974,0,"Knollwood Rd, I-287 W",
Virginia/Maryland/Pennsylvania/New York,-75.2885071,40.1069766,0,"Germantown Pike, I-476 W",
Virginia/Maryland/Pennsylvania/New York,-75.2913056,40.1013235,0,"Metroplex Blvd, I-476 W",
Virginia/Maryland/Pennsylvania/New York,-75.2993886,40.0992133,0,"Ridge Pike N, I-476 W",
Virginia/Maryland/Pennsylvania/New York,-75.3012868,40.0976831,0,"Ridge Pike S, I-476 W",
